all_freq_raw_mean,all_freq_log_mean,all_cd_raw_mean,all_cd_log_mean,all_concreteness_m_mean,all_concreteness_sd_mean,all_mean_cos_mean,all_SemD_mean,all_BNC_wordcount_mean,all_BNC_contexts_mean,all_BNC_freq_mean,all_lg_BNC_freq_mean,all_phonemes_mean,content_freq_raw_mean,content_freq_log_mean,content_cd_raw_mean,content_cd_log_mean,content_concreteness_m_mean,content_concreteness_sd_mean,content_mean_cos_mean,content_SemD_mean,content_BNC_wordcount_mean,content_BNC_contexts_mean,content_BNC_freq_mean,content_lg_BNC_freq_mean,content_phonemes_mean,noun_freq_raw_mean,noun_freq_log_mean,noun_cd_raw_mean,noun_cd_log_mean,noun_concreteness_m_mean,noun_concreteness_sd_mean,noun_mean_cos_mean,noun_SemD_mean,noun_BNC_wordcount_mean,noun_BNC_contexts_mean,noun_BNC_freq_mean,noun_lg_BNC_freq_mean,noun_phonemes_mean,mattr,POS_ADV_per100,POS_VERB_per100,POS_ADP_per100,POS_DET_per100,POS_NOUN_per100,POS_PRON_per100,POS_CCONJ_per100,POS_PART_per100,POS_INTJ_per100,POS_NUM_per100,POS_ADJ_per100
8411.986933333335,4.978152,80.70960000000001,3.7143666666666664,2.728,1.1270666666666667,0.01055696559864865,2.0987837837837837,1197192.3243243243,46461.97297297297,13760.831081081082,3.098243243243243,2.92,1074.7685714285717,4.131114285714285,60.91314285714286,3.4865828571428574,3.2774285714285716,0.9557142857142858,0.015608449674285716,1.9260000000000004,42733.57142857143,22162.628571428573,491.2028571428572,2.2442857142857147,3.6,62.68692307692308,3.131684615384615,18.372307692307693,2.9199615384615383,4.647692307692307,0.6138461538461539,0.027196004599999997,1.6384615384615384,4457.923076923077,3096.076923076923,51.25384615384615,1.5415384615384617,3.923076923076923,0.5238461538461539,14.666666666666666,13.333333333333334,9.333333333333334,16.0,17.333333333333336,8.0,6.666666666666667,4.0,8.0,1.3333333333333335,1.3333333333333335
