all_freq_raw_mean,all_freq_log_mean,all_cd_raw_mean,all_cd_log_mean,all_concreteness_m_mean,all_concreteness_sd_mean,all_mean_cos_mean,all_SemD_mean,all_BNC_wordcount_mean,all_BNC_contexts_mean,all_BNC_freq_mean,all_lg_BNC_freq_mean,all_phonemes_mean,content_freq_raw_mean,content_freq_log_mean,content_cd_raw_mean,content_cd_log_mean,content_concreteness_m_mean,content_concreteness_sd_mean,content_mean_cos_mean,content_SemD_mean,content_BNC_wordcount_mean,content_BNC_contexts_mean,content_BNC_freq_mean,content_lg_BNC_freq_mean,content_phonemes_mean,noun_freq_raw_mean,noun_freq_log_mean,noun_cd_raw_mean,noun_cd_log_mean,noun_concreteness_m_mean,noun_concreteness_sd_mean,noun_mean_cos_mean,noun_SemD_mean,noun_BNC_wordcount_mean,noun_BNC_contexts_mean,noun_BNC_freq_mean,noun_lg_BNC_freq_mean,noun_phonemes_mean,mattr,POS_PRON_per100,POS_VERB_per100,POS_AUX_per100,POS_NOUN_per100,POS_ADP_per100,POS_INTJ_per100,POS_DET_per100,POS_ADJ_per100,POS_PART_per100,POS_CCONJ_per100,POS_SCONJ_per100,POS_ADV_per100
10465.625510204081,4.9461846938775516,76.98255102040817,3.6731387755102034,2.7225531914893617,1.1961702127659575,0.009914411530107527,2.1087096774193554,1221737.8387096773,48019.913978494624,14042.964516129034,3.1478494623655915,3.0306122448979593,852.9404444444444,3.8972911111111115,51.37511111111111,3.385271111111112,3.5653658536585366,1.1282926829268292,0.01501938274888889,1.9188888888888898,32621.71111111111,17059.466666666667,374.96000000000004,2.1771111111111114,4.2,306.87600000000003,3.697815,39.126000000000005,3.3272999999999997,4.263888888888889,0.8638888888888889,0.021513727755000007,1.7475000000000005,21301.0,11803.7,244.84000000000006,2.129,4.0,0.7020408163265306,12.244897959183673,14.285714285714285,9.183673469387756,20.408163265306122,8.16326530612245,3.061224489795918,15.306122448979592,8.16326530612245,2.0408163265306123,3.061224489795918,1.0204081632653061,3.061224489795918
