all_freq_raw_mean,all_freq_log_mean,all_cd_raw_mean,all_cd_log_mean,all_concreteness_m_mean,all_concreteness_sd_mean,all_mean_cos_mean,all_SemD_mean,all_BNC_wordcount_mean,all_BNC_contexts_mean,all_BNC_freq_mean,all_lg_BNC_freq_mean,all_phonemes_mean,content_freq_raw_mean,content_freq_log_mean,content_cd_raw_mean,content_cd_log_mean,content_concreteness_m_mean,content_concreteness_sd_mean,content_mean_cos_mean,content_SemD_mean,content_BNC_wordcount_mean,content_BNC_contexts_mean,content_BNC_freq_mean,content_lg_BNC_freq_mean,content_phonemes_mean,noun_freq_raw_mean,noun_freq_log_mean,noun_cd_raw_mean,noun_cd_log_mean,noun_concreteness_m_mean,noun_concreteness_sd_mean,noun_mean_cos_mean,noun_SemD_mean,noun_BNC_wordcount_mean,noun_BNC_contexts_mean,noun_BNC_freq_mean,noun_lg_BNC_freq_mean,noun_phonemes_mean,mattr,POS_NOUN_per100,POS_AUX_per100,POS_VERB_per100,POS_ADP_per100,POS_DET_per100,POS_CCONJ_per100,POS_SCONJ_per100,POS_PRON_per100,POS_ADJ_per100,POS_PART_per100,POS_ADV_per100
7627.107266666667,4.766741333333334,74.04226666666666,3.637243333333333,2.915944055944056,1.1486713286713286,0.010687932285915493,2.0769718309859155,900185.852112676,43957.711267605635,10346.964788732394,3.000492957746479,3.12,883.1017333333334,3.849093333333334,49.343333333333334,3.3568160000000002,3.7724999999999995,1.0670588235294118,0.016885650978666667,1.8767999999999998,75230.2,17530.48,864.7146666666665,2.1261333333333337,4.16,148.45694444444445,3.472372222222222,31.652499999999993,3.1707305555555556,4.546451612903227,0.7238709677419355,0.02478336586111111,1.6461111111111113,11706.583333333334,6989.194444444444,134.55277777777778,1.7725000000000002,4.277777777777778,0.7372277227722773,24.0,6.666666666666667,16.0,9.333333333333334,14.666666666666666,2.666666666666667,2.0,12.666666666666668,5.333333333333334,2.0,4.666666666666667
