all_freq_raw_mean,all_freq_log_mean,all_cd_raw_mean,all_cd_log_mean,all_concreteness_m_mean,all_concreteness_sd_mean,all_mean_cos_mean,all_SemD_mean,all_BNC_wordcount_mean,all_BNC_contexts_mean,all_BNC_freq_mean,all_lg_BNC_freq_mean,all_phonemes_mean,content_freq_raw_mean,content_freq_log_mean,content_cd_raw_mean,content_cd_log_mean,content_concreteness_m_mean,content_concreteness_sd_mean,content_mean_cos_mean,content_SemD_mean,content_BNC_wordcount_mean,content_BNC_contexts_mean,content_BNC_freq_mean,content_lg_BNC_freq_mean,content_phonemes_mean,noun_freq_raw_mean,noun_freq_log_mean,noun_cd_raw_mean,noun_cd_log_mean,noun_concreteness_m_mean,noun_concreteness_sd_mean,noun_mean_cos_mean,noun_SemD_mean,noun_BNC_wordcount_mean,noun_BNC_contexts_mean,noun_BNC_freq_mean,noun_lg_BNC_freq_mean,noun_phonemes_mean,mattr,POS_VERB_per100,POS_PRON_per100,POS_ADP_per100,POS_DET_per100,POS_NOUN_per100,POS_INTJ_per100,POS_AUX_per100,POS_NUM_per100,POS_CCONJ_per100,POS_SCONJ_per100,POS_PROPN_per100,POS_ADJ_per100,POS_ADV_per100
7295.22085106383,4.670118439716312,70.24971631205673,3.5525765957446813,2.8705426356589148,1.067829457364341,0.013474471213636362,2.0301515151515153,845344.8939393939,44586.15909090909,9716.608333333334,2.873787878787879,3.0921985815602837,845.654126984127,3.561707936507937,37.22460317460317,3.121831746031746,3.865294117647059,0.8654901960784314,0.022788882231746035,1.7614285714285711,65514.39682539683,14624.52380952381,753.0380952380953,1.831746031746032,3.984126984126984,94.82694444444445,3.082313888888889,18.79611111111111,2.8454749999999995,4.703103448275862,0.5451724137931035,0.031411506750000005,1.5422222222222224,6164.722222222223,3786.5555555555557,70.85555555555557,1.3583333333333334,4.305555555555555,0.6739130434782609,16.312056737588655,12.76595744680851,12.76595744680851,16.312056737588655,25.53191489361702,1.4184397163120568,4.25531914893617,1.4184397163120568,4.25531914893617,1.4184397163120568,0.7092198581560284,1.4184397163120568,1.4184397163120568
