all_freq_raw_mean,all_freq_log_mean,all_cd_raw_mean,all_cd_log_mean,all_concreteness_m_mean,all_concreteness_sd_mean,all_mean_cos_mean,all_SemD_mean,all_BNC_wordcount_mean,all_BNC_contexts_mean,all_BNC_freq_mean,all_lg_BNC_freq_mean,all_phonemes_mean,content_freq_raw_mean,content_freq_log_mean,content_cd_raw_mean,content_cd_log_mean,content_concreteness_m_mean,content_concreteness_sd_mean,content_mean_cos_mean,content_SemD_mean,content_BNC_wordcount_mean,content_BNC_contexts_mean,content_BNC_freq_mean,content_lg_BNC_freq_mean,content_phonemes_mean,noun_freq_raw_mean,noun_freq_log_mean,noun_cd_raw_mean,noun_cd_log_mean,noun_concreteness_m_mean,noun_concreteness_sd_mean,noun_mean_cos_mean,noun_SemD_mean,noun_BNC_wordcount_mean,noun_BNC_contexts_mean,noun_BNC_freq_mean,noun_lg_BNC_freq_mean,noun_phonemes_mean,mattr,POS_VERB_per100,POS_PRON_per100,POS_AUX_per100,POS_DET_per100,POS_NOUN_per100,POS_ADP_per100,POS_ADJ_per100,POS_ADV_per100,POS_CCONJ_per100,POS_SCONJ_per100
8750.100941176473,4.873668235294118,78.0284705882353,3.6775741176470587,3.063780487804878,1.097560975609756,0.010075821193902438,2.068780487804878,1222427.8170731708,44579.4756097561,14050.891463414633,3.1581707317073167,3.070588235294118,720.7969047619048,3.9642547619047623,56.32238095238095,3.4291142857142853,3.9469230769230776,0.9487179487179489,0.01598676334634146,1.8699999999999997,34013.21951219512,17071.926829268294,390.9487804878048,2.2221951219512195,3.9285714285714284,265.4163157894737,3.8044684210526314,46.31,3.379231578947369,4.797222222222221,0.5499999999999999,0.02156596648947369,1.7,15691.736842105263,9071.21052631579,180.35789473684213,2.0205263157894735,3.8947368421052633,0.7347368421052632,19.54022988505747,14.942528735632186,5.747126436781609,17.24137931034483,24.137931034482758,9.195402298850574,3.4482758620689653,3.4482758620689653,1.1494252873563218,1.1494252873563218
