all_freq_raw_mean,all_freq_log_mean,all_cd_raw_mean,all_cd_log_mean,all_concreteness_m_mean,all_concreteness_sd_mean,all_mean_cos_mean,all_SemD_mean,all_BNC_wordcount_mean,all_BNC_contexts_mean,all_BNC_freq_mean,all_lg_BNC_freq_mean,all_phonemes_mean,content_freq_raw_mean,content_freq_log_mean,content_cd_raw_mean,content_cd_log_mean,content_concreteness_m_mean,content_concreteness_sd_mean,content_mean_cos_mean,content_SemD_mean,content_BNC_wordcount_mean,content_BNC_contexts_mean,content_BNC_freq_mean,content_lg_BNC_freq_mean,content_phonemes_mean,noun_freq_raw_mean,noun_freq_log_mean,noun_cd_raw_mean,noun_cd_log_mean,noun_concreteness_m_mean,noun_concreteness_sd_mean,noun_mean_cos_mean,noun_SemD_mean,noun_BNC_wordcount_mean,noun_BNC_contexts_mean,noun_BNC_freq_mean,noun_lg_BNC_freq_mean,noun_phonemes_mean,mattr,POS_INTJ_per100,POS_DET_per100,POS_ADJ_per100,POS_NOUN_per100,POS_AUX_per100,POS_ADV_per100,POS_ADP_per100,POS_PRON_per100,POS_VERB_per100,POS_CCONJ_per100,POS_PART_per100,POS_SCONJ_per100,POS_PROPN_per100
6619.736842105262,4.671426315789474,72.11605263157895,3.601972368421053,2.9154166666666668,1.1468055555555556,0.011542466260526317,2.057894736842105,928991.1842105263,43384.26315789474,10678.059210526315,2.98171052631579,3.3552631578947367,397.9784848484848,3.5986848484848486,40.98242424242424,3.218915151515152,4.0217241379310344,1.0299999999999998,0.02006481617272727,1.7863636363636362,20183.60606060606,10863.939393939394,231.99393939393937,1.8875757575757575,4.393939393939394,148.8905882352941,3.4336294117647057,30.338823529411766,3.131964705882353,4.655714285714285,0.6678571428571428,0.0280770590882353,1.5858823529411765,10826.823529411764,5749.294117647059,124.4470588235294,1.7741176470588234,4.352941176470588,0.6888888888888887,1.3157894736842104,13.157894736842104,3.9473684210526314,22.36842105263158,10.526315789473683,2.631578947368421,10.526315789473683,11.842105263157894,14.473684210526317,3.9473684210526314,1.3157894736842104,2.631578947368421,1.3157894736842104
