all_freq_raw_mean,all_freq_log_mean,all_cd_raw_mean,all_cd_log_mean,all_concreteness_m_mean,all_concreteness_sd_mean,all_mean_cos_mean,all_SemD_mean,all_BNC_wordcount_mean,all_BNC_contexts_mean,all_BNC_freq_mean,all_lg_BNC_freq_mean,all_phonemes_mean,content_freq_raw_mean,content_freq_log_mean,content_cd_raw_mean,content_cd_log_mean,content_concreteness_m_mean,content_concreteness_sd_mean,content_mean_cos_mean,content_SemD_mean,content_BNC_wordcount_mean,content_BNC_contexts_mean,content_BNC_freq_mean,content_lg_BNC_freq_mean,content_phonemes_mean,noun_freq_raw_mean,noun_freq_log_mean,noun_cd_raw_mean,noun_cd_log_mean,noun_concreteness_m_mean,noun_concreteness_sd_mean,noun_mean_cos_mean,noun_SemD_mean,noun_BNC_wordcount_mean,noun_BNC_contexts_mean,noun_BNC_freq_mean,noun_lg_BNC_freq_mean,noun_phonemes_mean,mattr,POS_ADV_per100,POS_ADP_per100,POS_DET_per100,POS_NOUN_per100,POS_VERB_per100,POS_PRON_per100,POS_AUX_per100,POS_SCONJ_per100,POS_CCONJ_per100,POS_PART_per100,POS_ADJ_per100,POS_NUM_per100,POS_PROPN_per100,POS_INTJ_per100
7256.851620111733,4.6890407821229045,70.67715083798882,3.596910055865922,2.8308280254777065,1.1685987261146498,0.011429566215028903,2.0575144508670524,876390.2196531792,43696.560693641615,10073.444508670522,2.94878612716763,3.0,596.28875,3.7410431818181817,43.936704545454546,3.291185227272727,3.5483333333333333,0.9900000000000001,0.01804719883218391,1.8471264367816091,37316.0459770115,16314.149425287356,428.9172413793104,1.9964367816091955,3.8295454545454546,81.18106382978723,3.2158489361702123,20.45489361702128,2.96765744680851,4.434,0.6116666666666666,0.025817149939130434,1.6317391304347826,7349.04347826087,4358.630434782609,84.46304347826087,1.538478260869565,4.0638297872340425,0.6924615384615384,5.027932960893855,10.614525139664805,10.614525139664805,26.256983240223462,12.849162011173185,15.083798882681565,4.4692737430167595,1.1173184357541899,4.4692737430167595,2.793296089385475,5.027932960893855,0.5586592178770949,0.5586592178770949,0.5586592178770949
