all_freq_raw_mean,all_freq_log_mean,all_cd_raw_mean,all_cd_log_mean,all_concreteness_m_mean,all_concreteness_sd_mean,all_mean_cos_mean,all_SemD_mean,all_BNC_wordcount_mean,all_BNC_contexts_mean,all_BNC_freq_mean,all_lg_BNC_freq_mean,all_phonemes_mean,content_freq_raw_mean,content_freq_log_mean,content_cd_raw_mean,content_cd_log_mean,content_concreteness_m_mean,content_concreteness_sd_mean,content_mean_cos_mean,content_SemD_mean,content_BNC_wordcount_mean,content_BNC_contexts_mean,content_BNC_freq_mean,content_lg_BNC_freq_mean,content_phonemes_mean,noun_freq_raw_mean,noun_freq_log_mean,noun_cd_raw_mean,noun_cd_log_mean,noun_concreteness_m_mean,noun_concreteness_sd_mean,noun_mean_cos_mean,noun_SemD_mean,noun_BNC_wordcount_mean,noun_BNC_contexts_mean,noun_BNC_freq_mean,noun_lg_BNC_freq_mean,noun_phonemes_mean,mattr,POS_CCONJ_per100,POS_NOUN_per100,POS_ADP_per100,POS_PRON_per100,POS_AUX_per100,POS_DET_per100,POS_VERB_per100,POS_ADJ_per100
5863.275151515151,4.57869393939394,69.24333333333333,3.6508939393939395,2.994242424242424,1.2984848484848488,0.010059292636363636,2.0348484848484847,821715.5757575758,35145.21212121212,9445.015151515152,2.832727272727273,2.909090909090909,244.21571428571437,3.887300000000001,51.799523809523805,3.4955714285714286,3.6233333333333335,1.3199999999999998,0.014343778071428568,1.8647619047619053,15229.714285714286,10441.52380952381,175.0666666666667,2.103809523809523,3.2857142857142856,150.245,3.403775,33.455000000000005,3.118325,4.305,0.65,0.023326026725,1.645,11499.5,6445.0,132.175,1.8050000000000002,3.75,0.45454545454545453,3.0303030303030303,12.121212121212121,9.090909090909092,6.0606060606060606,9.090909090909092,9.090909090909092,48.484848484848484,3.0303030303030303
