all_freq_raw_mean,all_freq_log_mean,all_cd_raw_mean,all_cd_log_mean,all_concreteness_m_mean,all_concreteness_sd_mean,all_mean_cos_mean,all_SemD_mean,all_BNC_wordcount_mean,all_BNC_contexts_mean,all_BNC_freq_mean,all_lg_BNC_freq_mean,all_phonemes_mean,content_freq_raw_mean,content_freq_log_mean,content_cd_raw_mean,content_cd_log_mean,content_concreteness_m_mean,content_concreteness_sd_mean,content_mean_cos_mean,content_SemD_mean,content_BNC_wordcount_mean,content_BNC_contexts_mean,content_BNC_freq_mean,content_lg_BNC_freq_mean,content_phonemes_mean,noun_freq_raw_mean,noun_freq_log_mean,noun_cd_raw_mean,noun_cd_log_mean,noun_concreteness_m_mean,noun_concreteness_sd_mean,noun_mean_cos_mean,noun_SemD_mean,noun_BNC_wordcount_mean,noun_BNC_contexts_mean,noun_BNC_freq_mean,noun_lg_BNC_freq_mean,noun_phonemes_mean,mattr,POS_VERB_per100,POS_PRON_per100,POS_ADP_per100,POS_DET_per100,POS_NOUN_per100,POS_INTJ_per100,POS_ADV_per100,POS_AUX_per100,POS_SCONJ_per100,POS_CCONJ_per100,POS_ADJ_per100,POS_NUM_per100,POS_PART_per100
8559.319798994975,4.791426633165829,74.4829648241206,3.599735175879397,2.6901075268817207,1.1589247311827957,0.010343774437113403,2.098556701030928,1135072.855670103,48412.9175257732,13046.812371134021,3.075051546391753,3.14070351758794,782.4517073170732,3.6357963414634145,42.67707317073171,3.166956097560975,3.6171014492753626,1.0543478260869565,0.019396615006097566,1.823536585365854,36827.58536585366,15695.09756097561,423.3012195121951,1.8881707317073175,4.134146341463414,105.41116279069769,3.2460720930232556,23.339767441860467,2.9847441860465116,4.455142857142857,0.785142857142857,0.0274025022627907,1.6237209302325584,8615.581395348838,5246.232558139535,99.02558139534882,1.516279069767442,4.162790697674419,0.679205298013245,12.0,11.5,13.5,15.5,21.5,0.5,4.5,4.5,2.0,7.5,3.5000000000000004,2.0,1.5
