all_freq_raw_mean,all_freq_log_mean,all_cd_raw_mean,all_cd_log_mean,all_concreteness_m_mean,all_concreteness_sd_mean,all_mean_cos_mean,all_SemD_mean,all_BNC_wordcount_mean,all_BNC_contexts_mean,all_BNC_freq_mean,all_lg_BNC_freq_mean,all_phonemes_mean,content_freq_raw_mean,content_freq_log_mean,content_cd_raw_mean,content_cd_log_mean,content_concreteness_m_mean,content_concreteness_sd_mean,content_mean_cos_mean,content_SemD_mean,content_BNC_wordcount_mean,content_BNC_contexts_mean,content_BNC_freq_mean,content_lg_BNC_freq_mean,content_phonemes_mean,noun_freq_raw_mean,noun_freq_log_mean,noun_cd_raw_mean,noun_cd_log_mean,noun_concreteness_m_mean,noun_concreteness_sd_mean,noun_mean_cos_mean,noun_SemD_mean,noun_BNC_wordcount_mean,noun_BNC_contexts_mean,noun_BNC_freq_mean,noun_lg_BNC_freq_mean,noun_phonemes_mean,mattr,POS_PRON_per100,POS_VERB_per100,POS_DET_per100,POS_NOUN_per100,POS_ADP_per100,POS_PART_per100,POS_AUX_per100,POS_CCONJ_per100,POS_INTJ_per100,POS_ADV_per100,POS_NUM_per100,POS_PROPN_per100,POS_SCONJ_per100,POS_ADJ_per100
9177.207142857143,5.094230952380952,84.55642857142855,3.770576190476189,2.528024691358025,1.282222222222222,0.00836897707948718,2.14,773211.2051282051,47830.60256410256,8887.485897435896,3.208846153846154,2.963855421686747,1330.85875,4.26674375,66.1640625,3.583996875,2.7493333333333334,1.3006666666666669,0.011132092841935485,2.0429032258064517,59727.51612903226,24254.41935483871,686.5193548387097,2.502258064516129,3.903225806451613,124.93599999999999,3.4045499999999995,29.24,3.1059500000000004,3.4862499999999996,1.3175000000000001,0.014471071466666667,1.905555555555556,16232.555555555555,10186.0,186.57777777777778,2.201111111111111,4.444444444444445,0.7661111111111112,25.882352941176475,16.470588235294116,7.0588235294117645,11.76470588235294,10.588235294117647,2.3529411764705883,5.88235294117647,3.5294117647058822,2.3529411764705883,5.88235294117647,1.1764705882352942,2.3529411764705883,1.1764705882352942,3.5294117647058822
