all_freq_raw_mean,all_freq_log_mean,all_cd_raw_mean,all_cd_log_mean,all_concreteness_m_mean,all_concreteness_sd_mean,all_mean_cos_mean,all_SemD_mean,all_BNC_wordcount_mean,all_BNC_contexts_mean,all_BNC_freq_mean,all_lg_BNC_freq_mean,all_phonemes_mean,content_freq_raw_mean,content_freq_log_mean,content_cd_raw_mean,content_cd_log_mean,content_concreteness_m_mean,content_concreteness_sd_mean,content_mean_cos_mean,content_SemD_mean,content_BNC_wordcount_mean,content_BNC_contexts_mean,content_BNC_freq_mean,content_lg_BNC_freq_mean,content_phonemes_mean,noun_freq_raw_mean,noun_freq_log_mean,noun_cd_raw_mean,noun_cd_log_mean,noun_concreteness_m_mean,noun_concreteness_sd_mean,noun_mean_cos_mean,noun_SemD_mean,noun_BNC_wordcount_mean,noun_BNC_contexts_mean,noun_BNC_freq_mean,noun_lg_BNC_freq_mean,noun_phonemes_mean,mattr,POS_PRON_per100,POS_AUX_per100,POS_VERB_per100,POS_ADP_per100,POS_DET_per100,POS_NOUN_per100,POS_ADV_per100,POS_INTJ_per100,POS_SCONJ_per100
8812.825476190477,4.942871428571429,77.15785714285714,3.6442119047619057,2.7275609756097565,1.2858536585365854,0.011518994995000002,2.0705,639417.1,44705.625,7349.619999999998,2.9210000000000003,3.1666666666666665,97.37230769230771,3.2617307692307693,27.415384615384614,3.026076923076923,3.980833333333333,0.9575,0.02224718023846154,1.7838461538461539,16408.53846153846,9246.076923076924,188.59999999999997,1.6984615384615387,4.615384615384615,67.02125000000001,3.0815875000000004,17.46375,2.8607875,4.624285714285714,0.6957142857142857,0.0296417566125,1.5825,6668.625,3650.875,76.65,1.42,4.625,0.5714285714285714,45.23809523809524,2.380952380952381,9.523809523809524,9.523809523809524,7.142857142857142,19.047619047619047,2.380952380952381,2.380952380952381,2.380952380952381
