all_freq_raw_mean,all_freq_log_mean,all_cd_raw_mean,all_cd_log_mean,all_concreteness_m_mean,all_concreteness_sd_mean,all_mean_cos_mean,all_SemD_mean,all_BNC_wordcount_mean,all_BNC_contexts_mean,all_BNC_freq_mean,all_lg_BNC_freq_mean,all_phonemes_mean,content_freq_raw_mean,content_freq_log_mean,content_cd_raw_mean,content_cd_log_mean,content_concreteness_m_mean,content_concreteness_sd_mean,content_mean_cos_mean,content_SemD_mean,content_BNC_wordcount_mean,content_BNC_contexts_mean,content_BNC_freq_mean,content_lg_BNC_freq_mean,content_phonemes_mean,noun_freq_raw_mean,noun_freq_log_mean,noun_cd_raw_mean,noun_cd_log_mean,noun_concreteness_m_mean,noun_concreteness_sd_mean,noun_mean_cos_mean,noun_SemD_mean,noun_BNC_wordcount_mean,noun_BNC_contexts_mean,noun_BNC_freq_mean,noun_lg_BNC_freq_mean,noun_phonemes_mean,mattr,POS_PRON_per100,POS_DET_per100,POS_NOUN_per100,POS_VERB_per100,POS_ADP_per100,POS_PART_per100,POS_NUM_per100,POS_AUX_per100,POS_ADJ_per100,POS_PROPN_per100,POS_CCONJ_per100,POS_ADV_per100
7901.169824561403,4.476056140350877,64.17894736842105,3.413736842105263,2.7879166666666673,1.1327083333333332,0.013820161535714285,2.014642857142857,1041217.1607142857,42499.875,11968.00892857143,2.736428571428571,3.392857142857143,380.87428571428575,3.2117107142857146,28.611071428571428,2.8933821428571425,3.777894736842106,1.0005263157894737,0.024430040882142855,1.7139285714285715,22572.035714285714,7970.642857142857,259.4357142857143,1.462142857142857,4.444444444444445,67.430625,2.8922125,14.270625000000003,2.66013125,4.711111111111111,0.5044444444444445,0.03466076335625,1.5031249999999998,4369.4375,2833.5625,50.20625,1.115625,4.533333333333333,0.7424999999999999,10.526315789473683,15.789473684210526,28.07017543859649,14.035087719298245,12.280701754385964,1.7543859649122806,1.7543859649122806,3.508771929824561,5.263157894736842,1.7543859649122806,3.508771929824561,1.7543859649122806
