all_freq_raw_mean,all_freq_log_mean,all_cd_raw_mean,all_cd_log_mean,all_concreteness_m_mean,all_concreteness_sd_mean,all_mean_cos_mean,all_SemD_mean,all_BNC_wordcount_mean,all_BNC_contexts_mean,all_BNC_freq_mean,all_lg_BNC_freq_mean,all_phonemes_mean,content_freq_raw_mean,content_freq_log_mean,content_cd_raw_mean,content_cd_log_mean,content_concreteness_m_mean,content_concreteness_sd_mean,content_mean_cos_mean,content_SemD_mean,content_BNC_wordcount_mean,content_BNC_contexts_mean,content_BNC_freq_mean,content_lg_BNC_freq_mean,content_phonemes_mean,noun_freq_raw_mean,noun_freq_log_mean,noun_cd_raw_mean,noun_cd_log_mean,noun_concreteness_m_mean,noun_concreteness_sd_mean,noun_mean_cos_mean,noun_SemD_mean,noun_BNC_wordcount_mean,noun_BNC_contexts_mean,noun_BNC_freq_mean,noun_lg_BNC_freq_mean,noun_phonemes_mean,mattr,POS_DET_per100,POS_NOUN_per100,POS_AUX_per100,POS_VERB_per100,POS_ADJ_per100,POS_PRON_per100,POS_ADP_per100,POS_PART_per100,POS_ADV_per100,POS_CCONJ_per100
8527.319880952382,4.673222619047619,69.09904761904761,3.5522107142857147,2.801842105263158,1.1396052631578946,0.011084728022891566,2.087590361445783,1383203.8192771084,46430.44578313253,15898.893975903615,3.0421686746987957,3.2261904761904763,524.621219512195,3.554904878048781,37.48487804878049,3.166187804878049,3.7406060606060607,1.0172727272727273,0.019892121845000003,1.8182500000000001,25454.8,11690.175,292.5775,1.83975,4.365853658536586,117.0895,3.1998850000000005,23.409,2.9023899999999996,4.745,0.555,0.031026686615789473,1.5473684210526315,8486.684210526315,4702.421052631579,97.5421052631579,1.4857894736842105,4.2,0.6942857142857142,20.238095238095237,23.809523809523807,8.333333333333332,17.857142857142858,2.380952380952381,9.523809523809524,9.523809523809524,2.380952380952381,4.761904761904762,1.1904761904761905
