all_freq_raw_mean,all_freq_log_mean,all_cd_raw_mean,all_cd_log_mean,all_concreteness_m_mean,all_concreteness_sd_mean,all_mean_cos_mean,all_SemD_mean,all_BNC_wordcount_mean,all_BNC_contexts_mean,all_BNC_freq_mean,all_lg_BNC_freq_mean,all_phonemes_mean,content_freq_raw_mean,content_freq_log_mean,content_cd_raw_mean,content_cd_log_mean,content_concreteness_m_mean,content_concreteness_sd_mean,content_mean_cos_mean,content_SemD_mean,content_BNC_wordcount_mean,content_BNC_contexts_mean,content_BNC_freq_mean,content_lg_BNC_freq_mean,content_phonemes_mean,noun_freq_raw_mean,noun_freq_log_mean,noun_cd_raw_mean,noun_cd_log_mean,noun_concreteness_m_mean,noun_concreteness_sd_mean,noun_mean_cos_mean,noun_SemD_mean,noun_BNC_wordcount_mean,noun_BNC_contexts_mean,noun_BNC_freq_mean,noun_lg_BNC_freq_mean,noun_phonemes_mean,mattr,POS_DET_per100,POS_NOUN_per100,POS_CCONJ_per100,POS_VERB_per100,POS_PRON_per100,POS_ADP_per100,POS_PROPN_per100,POS_INTJ_per100,POS_AUX_per100,POS_ADJ_per100,POS_SCONJ_per100,POS_PART_per100,POS_ADV_per100
7910.855670103093,4.894478350515463,77.6778350515464,3.6887092783505153,2.704516129032258,1.1594623655913976,0.010799497814736842,2.0815789473684214,886900.947368421,46206.505263157895,10194.26,3.0411578947368416,3.2736842105263158,762.97,3.8901666666666657,49.64416666666667,3.381594444444444,3.5835294117647054,1.029705882352941,0.017791637161111113,1.828611111111111,22699.055555555555,12399.361111111111,260.91388888888895,1.9563888888888892,4.388888888888889,160.1078571428571,3.475192857142857,31.648571428571433,3.1532428571428572,4.5874999999999995,0.6766666666666666,0.024090772428571428,1.667142857142857,9752.0,5308.785714285715,112.09285714285714,1.7007142857142858,4.428571428571429,0.7036734693877552,12.244897959183673,14.285714285714285,9.183673469387756,16.3265306122449,16.3265306122449,6.122448979591836,3.061224489795918,2.0408163265306123,8.16326530612245,5.1020408163265305,3.061224489795918,3.061224489795918,1.0204081632653061
