all_freq_raw_mean,all_freq_log_mean,all_cd_raw_mean,all_cd_log_mean,all_concreteness_m_mean,all_concreteness_sd_mean,all_mean_cos_mean,all_SemD_mean,all_BNC_wordcount_mean,all_BNC_contexts_mean,all_BNC_freq_mean,all_lg_BNC_freq_mean,all_phonemes_mean,content_freq_raw_mean,content_freq_log_mean,content_cd_raw_mean,content_cd_log_mean,content_concreteness_m_mean,content_concreteness_sd_mean,content_mean_cos_mean,content_SemD_mean,content_BNC_wordcount_mean,content_BNC_contexts_mean,content_BNC_freq_mean,content_lg_BNC_freq_mean,content_phonemes_mean,noun_freq_raw_mean,noun_freq_log_mean,noun_cd_raw_mean,noun_cd_log_mean,noun_concreteness_m_mean,noun_concreteness_sd_mean,noun_mean_cos_mean,noun_SemD_mean,noun_BNC_wordcount_mean,noun_BNC_contexts_mean,noun_BNC_freq_mean,noun_lg_BNC_freq_mean,noun_phonemes_mean,mattr,POS_PRON_per100,POS_VERB_per100,POS_SCONJ_per100,POS_PART_per100,POS_DET_per100,POS_NOUN_per100,POS_ADP_per100,POS_CCONJ_per100,POS_AUX_per100,POS_INTJ_per100,POS_ADJ_per100,POS_ADV_per100
9271.940961538461,4.920529807692308,79.18509615384616,3.6625980769230773,2.7157142857142857,1.1753061224489796,0.010870718711224487,2.0725510204081634,843360.693877551,44076.051020408166,9693.802040816327,2.912755102040817,3.2403846153846154,852.7313953488373,3.8601744186046507,52.59255813953489,3.3061860465116277,3.5067567567567566,1.0567567567567568,0.0173346486627907,1.8474418604651162,21585.325581395347,12757.790697674418,248.1023255813953,1.8576744186046508,4.4186046511627906,258.7305263157894,3.4614736842105263,32.12736842105264,3.0997947368421053,4.476666666666666,0.6653333333333333,0.025089284300000004,1.664736842105263,8308.0,5229.684210526316,95.48421052631579,1.513157894736842,4.157894736842105,0.6894545454545453,18.269230769230766,20.192307692307693,1.9230769230769231,1.9230769230769231,12.5,18.269230769230766,11.538461538461538,0.9615384615384616,9.615384615384617,1.9230769230769231,1.9230769230769231,0.9615384615384616
