all_freq_raw_mean,all_freq_log_mean,all_cd_raw_mean,all_cd_log_mean,all_concreteness_m_mean,all_concreteness_sd_mean,all_mean_cos_mean,all_SemD_mean,all_BNC_wordcount_mean,all_BNC_contexts_mean,all_BNC_freq_mean,all_lg_BNC_freq_mean,all_phonemes_mean,content_freq_raw_mean,content_freq_log_mean,content_cd_raw_mean,content_cd_log_mean,content_concreteness_m_mean,content_concreteness_sd_mean,content_mean_cos_mean,content_SemD_mean,content_BNC_wordcount_mean,content_BNC_contexts_mean,content_BNC_freq_mean,content_lg_BNC_freq_mean,content_phonemes_mean,noun_freq_raw_mean,noun_freq_log_mean,noun_cd_raw_mean,noun_cd_log_mean,noun_concreteness_m_mean,noun_concreteness_sd_mean,noun_mean_cos_mean,noun_SemD_mean,noun_BNC_wordcount_mean,noun_BNC_contexts_mean,noun_BNC_freq_mean,noun_lg_BNC_freq_mean,noun_phonemes_mean,mattr,POS_ADJ_per100,POS_NOUN_per100,POS_VERB_per100,POS_PROPN_per100,POS_DET_per100,POS_ADP_per100,POS_ADV_per100,POS_CCONJ_per100,POS_PRON_per100,POS_INTJ_per100
2471.5978378378372,3.9152,49.584594594594606,3.281981081081081,3.2670588235294122,0.9361764705882354,0.013879040416216216,1.9791891891891893,317833.6756756757,28452.27027027027,3653.2621621621615,2.248108108108108,4.054054054054054,293.13961538461535,3.3096192307692314,29.111538461538462,3.0143307692307695,3.8678260869565215,0.802608695652174,0.01714555049230769,1.8638461538461542,20983.615384615383,10897.692307692309,241.18846153846152,1.7092307692307689,4.615384615384615,215.5026666666667,3.308413333333333,28.736666666666668,3.013913333333333,4.379285714285715,0.5657142857142857,0.020933085193333343,1.7733333333333334,21789.066666666666,10841.733333333334,250.44666666666663,1.7033333333333331,4.333333333333333,0.868421052631579,5.263157894736842,39.473684210526315,18.421052631578945,2.631578947368421,5.263157894736842,15.789473684210526,5.263157894736842,2.631578947368421,2.631578947368421,2.631578947368421
