all_freq_raw_mean,all_freq_log_mean,all_cd_raw_mean,all_cd_log_mean,all_concreteness_m_mean,all_concreteness_sd_mean,all_mean_cos_mean,all_SemD_mean,all_BNC_wordcount_mean,all_BNC_contexts_mean,all_BNC_freq_mean,all_lg_BNC_freq_mean,all_phonemes_mean,content_freq_raw_mean,content_freq_log_mean,content_cd_raw_mean,content_cd_log_mean,content_concreteness_m_mean,content_concreteness_sd_mean,content_mean_cos_mean,content_SemD_mean,content_BNC_wordcount_mean,content_BNC_contexts_mean,content_BNC_freq_mean,content_lg_BNC_freq_mean,content_phonemes_mean,noun_freq_raw_mean,noun_freq_log_mean,noun_cd_raw_mean,noun_cd_log_mean,noun_concreteness_m_mean,noun_concreteness_sd_mean,noun_mean_cos_mean,noun_SemD_mean,noun_BNC_wordcount_mean,noun_BNC_contexts_mean,noun_BNC_freq_mean,noun_lg_BNC_freq_mean,noun_phonemes_mean,mattr,POS_INTJ_per100,POS_ADV_per100,POS_DET_per100,POS_NOUN_per100,POS_CCONJ_per100,POS_AUX_per100,POS_ADJ_per100,POS_PRON_per100,POS_VERB_per100,POS_ADP_per100,POS_PART_per100
6726.52880952381,4.673402380952381,70.5979761904762,3.595182142857143,2.829230769230769,1.161025641025641,0.01273989230875,2.0412500000000007,745611.55,39874.3875,8570.244999999999,2.755875,3.119047619047619,659.2946511627908,3.768939534883721,44.963720930232554,3.2935999999999996,3.6281081081081092,1.047027027027027,0.01846220054651163,1.8558139534883724,28310.46511627907,14469.372093023256,325.40697674418607,1.916046511627907,3.9302325581395348,106.21666666666667,3.3533190476190478,22.506190476190476,3.0636285714285716,4.444117647058824,0.6594117647058823,0.027649126247619043,1.6233333333333335,7732.9047619047615,4665.380952380952,88.8809523809524,1.4695238095238095,4.095238095238095,0.7971428571428572,4.761904761904762,5.952380952380952,11.904761904761903,25.0,4.761904761904762,3.571428571428571,3.571428571428571,11.904761904761903,16.666666666666664,10.714285714285714,1.1904761904761905
