all_freq_raw_mean,all_freq_log_mean,all_cd_raw_mean,all_cd_log_mean,all_concreteness_m_mean,all_concreteness_sd_mean,all_mean_cos_mean,all_SemD_mean,all_BNC_wordcount_mean,all_BNC_contexts_mean,all_BNC_freq_mean,all_lg_BNC_freq_mean,all_phonemes_mean,content_freq_raw_mean,content_freq_log_mean,content_cd_raw_mean,content_cd_log_mean,content_concreteness_m_mean,content_concreteness_sd_mean,content_mean_cos_mean,content_SemD_mean,content_BNC_wordcount_mean,content_BNC_contexts_mean,content_BNC_freq_mean,content_lg_BNC_freq_mean,content_phonemes_mean,noun_freq_raw_mean,noun_freq_log_mean,noun_cd_raw_mean,noun_cd_log_mean,noun_concreteness_m_mean,noun_concreteness_sd_mean,noun_mean_cos_mean,noun_SemD_mean,noun_BNC_wordcount_mean,noun_BNC_contexts_mean,noun_BNC_freq_mean,noun_lg_BNC_freq_mean,noun_phonemes_mean,mattr,POS_INTJ_per100,POS_ADV_per100,POS_DET_per100,POS_NOUN_per100,POS_VERB_per100,POS_AUX_per100,POS_ADJ_per100,POS_PRON_per100,POS_ADP_per100,POS_SCONJ_per100
8783.990192307692,4.933834615384615,79.22153846153847,3.7486249999999997,2.7160784313725492,1.096470588235294,0.010258043724999999,2.0761538461538462,1142367.4038461538,42070.730769230766,13130.665384615384,3.1198076923076923,3.326923076923077,672.9812,4.0931560000000005,58.2928,3.566768,3.5170833333333333,0.9495833333333333,0.015620037868000002,1.8768,25094.72,13760.76,288.452,2.302,4.72,161.7084615384615,3.8535999999999997,40.75692307692308,3.4916,4.484999999999999,0.6133333333333334,0.019157998238461538,1.8084615384615386,25616.923076923078,12072.153846153846,294.46153846153845,2.3830769230769233,4.846153846153846,0.52,1.9230769230769231,1.9230769230769231,17.307692307692307,25.0,17.307692307692307,19.230769230769234,3.8461538461538463,7.6923076923076925,3.8461538461538463,1.9230769230769231
