all_freq_raw_mean,all_freq_log_mean,all_cd_raw_mean,all_cd_log_mean,all_concreteness_m_mean,all_concreteness_sd_mean,all_mean_cos_mean,all_SemD_mean,all_BNC_wordcount_mean,all_BNC_contexts_mean,all_BNC_freq_mean,all_lg_BNC_freq_mean,all_phonemes_mean,content_freq_raw_mean,content_freq_log_mean,content_cd_raw_mean,content_cd_log_mean,content_concreteness_m_mean,content_concreteness_sd_mean,content_mean_cos_mean,content_SemD_mean,content_BNC_wordcount_mean,content_BNC_contexts_mean,content_BNC_freq_mean,content_lg_BNC_freq_mean,content_phonemes_mean,noun_freq_raw_mean,noun_freq_log_mean,noun_cd_raw_mean,noun_cd_log_mean,noun_concreteness_m_mean,noun_concreteness_sd_mean,noun_mean_cos_mean,noun_SemD_mean,noun_BNC_wordcount_mean,noun_BNC_contexts_mean,noun_BNC_freq_mean,noun_lg_BNC_freq_mean,noun_phonemes_mean,mattr,POS_INTJ_per100,POS_DET_per100,POS_NOUN_per100,POS_AUX_per100,POS_VERB_per100,POS_ADP_per100,POS_NUM_per100,POS_PART_per100,POS_PRON_per100,POS_SCONJ_per100,POS_CCONJ_per100,POS_ADJ_per100
7781.268309859156,4.70522676056338,73.16450704225353,3.5596591549295775,2.7043939393939396,1.171060606060606,0.012663547235820896,2.073283582089552,1007220.0447761194,45959.41791044776,11577.240298507462,2.948507462686567,3.267605633802817,490.77758620689644,3.513234482758621,41.74655172413794,3.0810068965517243,3.70375,1.0537499999999997,0.02283950840714286,1.785714285714286,23954.89285714286,13334.857142857143,275.3392857142857,1.7982142857142855,4.551724137931035,264.639375,3.3390625,31.40125,2.9707625,4.415,0.8125,0.030495556086666667,1.61,17409.0,9039.533333333333,200.0933333333333,1.577333333333333,4.5,0.7381818181818182,2.8169014084507045,12.676056338028168,22.535211267605636,9.859154929577464,14.084507042253522,11.267605633802818,4.225352112676056,2.8169014084507045,9.859154929577464,1.4084507042253522,4.225352112676056,4.225352112676056
