all_freq_raw_mean,all_freq_log_mean,all_cd_raw_mean,all_cd_log_mean,all_concreteness_m_mean,all_concreteness_sd_mean,all_mean_cos_mean,all_SemD_mean,all_BNC_wordcount_mean,all_BNC_contexts_mean,all_BNC_freq_mean,all_lg_BNC_freq_mean,all_phonemes_mean,content_freq_raw_mean,content_freq_log_mean,content_cd_raw_mean,content_cd_log_mean,content_concreteness_m_mean,content_concreteness_sd_mean,content_mean_cos_mean,content_SemD_mean,content_BNC_wordcount_mean,content_BNC_contexts_mean,content_BNC_freq_mean,content_lg_BNC_freq_mean,content_phonemes_mean,noun_freq_raw_mean,noun_freq_log_mean,noun_cd_raw_mean,noun_cd_log_mean,noun_concreteness_m_mean,noun_concreteness_sd_mean,noun_mean_cos_mean,noun_SemD_mean,noun_BNC_wordcount_mean,noun_BNC_contexts_mean,noun_BNC_freq_mean,noun_lg_BNC_freq_mean,noun_phonemes_mean,mattr,POS_PRON_per100,POS_VERB_per100,POS_INTJ_per100,POS_NOUN_per100,POS_AUX_per100,POS_ADJ_per100,POS_DET_per100,POS_ADP_per100,POS_ADV_per100,POS_PART_per100,POS_CCONJ_per100,POS_SCONJ_per100,POS_PROPN_per100
9430.976666666667,4.920210465116279,78.74538759689922,3.6741124031007755,2.776882591093117,1.1587044534412958,0.010523278197907951,2.0734728033472805,799934.820083682,42954.13807531381,9194.653556485357,2.9595815899581592,3.0232558139534884,1051.2085585585587,3.9684414414414415,55.17648648648649,3.3828711711711716,3.3191176470588237,0.9984313725490196,0.016037884195495497,1.892072072072072,34291.0990990991,17338.477477477478,394.1495495495496,2.0681081081081083,4.09009009009009,148.64,3.3791048780487802,28.08317073170732,3.0721390243902436,4.587567567567567,0.5391891891891891,0.024583716970731712,1.650487804878049,9103.853658536585,5250.658536585366,104.6390243902439,1.5158536585365852,4.195121951219512,0.7285714285714285,18.53281853281853,18.146718146718147,2.3166023166023164,15.83011583011583,7.335907335907336,5.405405405405405,11.583011583011583,8.494208494208493,3.861003861003861,3.861003861003861,3.088803088803089,1.1583011583011582,0.3861003861003861
