all_freq_raw_mean,all_freq_log_mean,all_cd_raw_mean,all_cd_log_mean,all_concreteness_m_mean,all_concreteness_sd_mean,all_mean_cos_mean,all_SemD_mean,all_BNC_wordcount_mean,all_BNC_contexts_mean,all_BNC_freq_mean,all_lg_BNC_freq_mean,all_phonemes_mean,content_freq_raw_mean,content_freq_log_mean,content_cd_raw_mean,content_cd_log_mean,content_concreteness_m_mean,content_concreteness_sd_mean,content_mean_cos_mean,content_SemD_mean,content_BNC_wordcount_mean,content_BNC_contexts_mean,content_BNC_freq_mean,content_lg_BNC_freq_mean,content_phonemes_mean,noun_freq_raw_mean,noun_freq_log_mean,noun_cd_raw_mean,noun_cd_log_mean,noun_concreteness_m_mean,noun_concreteness_sd_mean,noun_mean_cos_mean,noun_SemD_mean,noun_BNC_wordcount_mean,noun_BNC_contexts_mean,noun_BNC_freq_mean,noun_lg_BNC_freq_mean,noun_phonemes_mean,mattr,POS_VERB_per100,POS_PRON_per100,POS_DET_per100,POS_NOUN_per100,POS_CCONJ_per100,POS_ADP_per100,POS_AUX_per100,POS_ADV_per100,POS_ADJ_per100,POS_INTJ_per100,POS_SCONJ_per100
9814.18094736842,4.98208,79.67905263157895,3.692014736842106,2.716067415730337,1.1791011235955056,0.009736078579120878,2.10978021978022,929574.8021978022,46826.89010989011,10684.763736263736,3.0726373626373626,3.0631578947368423,1170.017272727273,4.0607,56.59840909090909,3.425543181818182,3.156578947368421,1.1123684210526315,0.01569634848636364,1.923863636363636,45341.25,21013.977272727272,521.1613636363637,2.162272727272727,3.977272727272727,176.5688888888889,3.490788888888889,31.700555555555557,3.1561111111111106,4.295833333333333,0.8458333333333333,0.025915554416666667,1.672777777777778,10305.833333333334,6598.611111111111,118.45555555555558,1.637777777777778,4.611111111111111,0.7312499999999998,16.49484536082474,14.432989690721648,14.432989690721648,20.618556701030926,7.216494845360824,8.24742268041237,6.185567010309279,7.216494845360824,3.0927835051546393,1.0309278350515463,1.0309278350515463
