all_freq_raw_mean,all_freq_log_mean,all_cd_raw_mean,all_cd_log_mean,all_concreteness_m_mean,all_concreteness_sd_mean,all_mean_cos_mean,all_SemD_mean,all_BNC_wordcount_mean,all_BNC_contexts_mean,all_BNC_freq_mean,all_lg_BNC_freq_mean,all_phonemes_mean,content_freq_raw_mean,content_freq_log_mean,content_cd_raw_mean,content_cd_log_mean,content_concreteness_m_mean,content_concreteness_sd_mean,content_mean_cos_mean,content_SemD_mean,content_BNC_wordcount_mean,content_BNC_contexts_mean,content_BNC_freq_mean,content_lg_BNC_freq_mean,content_phonemes_mean,noun_freq_raw_mean,noun_freq_log_mean,noun_cd_raw_mean,noun_cd_log_mean,noun_concreteness_m_mean,noun_concreteness_sd_mean,noun_mean_cos_mean,noun_SemD_mean,noun_BNC_wordcount_mean,noun_BNC_contexts_mean,noun_BNC_freq_mean,noun_lg_BNC_freq_mean,noun_phonemes_mean,mattr,POS_ADV_per100,POS_DET_per100,POS_NOUN_per100,POS_SCONJ_per100,POS_PRON_per100,POS_VERB_per100,POS_AUX_per100,POS_ADP_per100,POS_CCONJ_per100,POS_ADJ_per100,POS_PROPN_per100,POS_PART_per100
8557.721714285715,4.769152857142856,71.49500000000002,3.605124285714286,2.750461538461539,1.1883076923076923,0.01287360964117647,2.043970588235294,1053898.6764705882,43415.41176470588,12113.774999999998,2.9661764705882354,3.2714285714285714,576.035,3.643878571428572,39.776785714285715,3.251260714285714,3.6508333333333334,1.06875,0.023822168939285716,1.7542857142857142,16624.428571428572,9716.107142857143,191.0785714285714,1.8075000000000003,4.464285714285714,96.96833333333335,3.2685750000000002,21.078333333333337,3.0171999999999994,4.617777777777778,0.7400000000000001,0.038372263866666666,1.5008333333333335,6497.583333333333,3616.75,74.67499999999998,1.4916666666666665,4.333333333333333,0.6980952380952381,5.714285714285714,14.285714285714285,17.142857142857142,1.4285714285714286,14.285714285714285,14.285714285714285,7.142857142857142,11.428571428571429,5.714285714285714,2.857142857142857,4.285714285714286,1.4285714285714286
