all_freq_raw_mean,all_freq_log_mean,all_cd_raw_mean,all_cd_log_mean,all_concreteness_m_mean,all_concreteness_sd_mean,all_mean_cos_mean,all_SemD_mean,all_BNC_wordcount_mean,all_BNC_contexts_mean,all_BNC_freq_mean,all_lg_BNC_freq_mean,all_phonemes_mean,content_freq_raw_mean,content_freq_log_mean,content_cd_raw_mean,content_cd_log_mean,content_concreteness_m_mean,content_concreteness_sd_mean,content_mean_cos_mean,content_SemD_mean,content_BNC_wordcount_mean,content_BNC_contexts_mean,content_BNC_freq_mean,content_lg_BNC_freq_mean,content_phonemes_mean,noun_freq_raw_mean,noun_freq_log_mean,noun_cd_raw_mean,noun_cd_log_mean,noun_concreteness_m_mean,noun_concreteness_sd_mean,noun_mean_cos_mean,noun_SemD_mean,noun_BNC_wordcount_mean,noun_BNC_contexts_mean,noun_BNC_freq_mean,noun_lg_BNC_freq_mean,noun_phonemes_mean,mattr,POS_INTJ_per100,POS_PRON_per100,POS_DET_per100,POS_ADJ_per100,POS_NOUN_per100,POS_CCONJ_per100,POS_VERB_per100,POS_ADP_per100,POS_AUX_per100,POS_ADV_per100,POS_PROPN_per100
8138.428613138686,4.749615328467153,73.7436496350365,3.561194890510949,2.739140625,1.1417968750000003,0.011580285992248062,2.0745736434108526,966132.7286821705,46503.317829457366,11104.972093023254,2.979767441860465,3.139705882352941,667.2286666666666,3.550583333333333,42.32683333333333,3.107065,3.5947058823529408,0.9852941176470589,0.01818278971864407,1.8561016949152538,41354.779661016946,15848.237288135593,475.33728813559316,1.8662711864406778,4.508474576271187,264.3448275862069,3.275441379310345,28.297241379310343,2.9429793103448274,4.463181818181818,0.594090909090909,0.0263513756,1.630689655172414,12284.620689655172,6467.724137931034,141.20344827586206,1.4986206896551724,4.448275862068965,0.7081818181818181,2.18978102189781,15.328467153284672,15.328467153284672,7.2992700729927,21.16788321167883,7.2992700729927,12.408759124087592,7.2992700729927,8.02919708029197,2.9197080291970803,0.7299270072992701
