all_freq_raw_mean,all_freq_log_mean,all_cd_raw_mean,all_cd_log_mean,all_concreteness_m_mean,all_concreteness_sd_mean,all_mean_cos_mean,all_SemD_mean,all_BNC_wordcount_mean,all_BNC_contexts_mean,all_BNC_freq_mean,all_lg_BNC_freq_mean,all_phonemes_mean,content_freq_raw_mean,content_freq_log_mean,content_cd_raw_mean,content_cd_log_mean,content_concreteness_m_mean,content_concreteness_sd_mean,content_mean_cos_mean,content_SemD_mean,content_BNC_wordcount_mean,content_BNC_contexts_mean,content_BNC_freq_mean,content_lg_BNC_freq_mean,content_phonemes_mean,noun_freq_raw_mean,noun_freq_log_mean,noun_cd_raw_mean,noun_cd_log_mean,noun_concreteness_m_mean,noun_concreteness_sd_mean,noun_mean_cos_mean,noun_SemD_mean,noun_BNC_wordcount_mean,noun_BNC_contexts_mean,noun_BNC_freq_mean,noun_lg_BNC_freq_mean,noun_phonemes_mean,mattr,POS_NOUN_per100,POS_VERB_per100,POS_DET_per100,POS_AUX_per100,POS_ADP_per100,POS_CCONJ_per100,POS_ADV_per100,POS_PRON_per100,POS_SCONJ_per100,POS_PART_per100,POS_ADJ_per100
9823.575172413795,4.841837931034482,75.2051724137931,3.629703448275862,2.5799999999999996,1.1539622641509435,0.01252157604909091,2.0630909090909086,1208772.509090909,45931.763636363634,13893.932727272728,2.9843636363636366,3.1379310344827585,586.9384615384616,3.8445000000000005,49.615769230769224,3.3502692307692308,3.3840909090909093,1.06,0.021563266230769228,1.788846153846154,21657.346153846152,11896.73076923077,248.9307692307692,1.8615384615384611,4.230769230769231,166.013,3.4909,32.6,3.15779,4.388571428571429,0.6814285714285714,0.029858182010000005,1.5870000000000002,12468.6,6287.7,143.32,1.716,4.7,0.6955555555555555,17.24137931034483,17.24137931034483,15.517241379310345,10.344827586206897,3.4482758620689653,6.896551724137931,5.172413793103448,13.793103448275861,1.7241379310344827,3.4482758620689653,5.172413793103448
