all_freq_raw_mean,all_freq_log_mean,all_cd_raw_mean,all_cd_log_mean,all_concreteness_m_mean,all_concreteness_sd_mean,all_mean_cos_mean,all_SemD_mean,all_BNC_wordcount_mean,all_BNC_contexts_mean,all_BNC_freq_mean,all_lg_BNC_freq_mean,all_phonemes_mean,content_freq_raw_mean,content_freq_log_mean,content_cd_raw_mean,content_cd_log_mean,content_concreteness_m_mean,content_concreteness_sd_mean,content_mean_cos_mean,content_SemD_mean,content_BNC_wordcount_mean,content_BNC_contexts_mean,content_BNC_freq_mean,content_lg_BNC_freq_mean,content_phonemes_mean,noun_freq_raw_mean,noun_freq_log_mean,noun_cd_raw_mean,noun_cd_log_mean,noun_concreteness_m_mean,noun_concreteness_sd_mean,noun_mean_cos_mean,noun_SemD_mean,noun_BNC_wordcount_mean,noun_BNC_contexts_mean,noun_BNC_freq_mean,noun_lg_BNC_freq_mean,noun_phonemes_mean,mattr,POS_INTJ_per100,POS_DET_per100,POS_ADJ_per100,POS_NOUN_per100,POS_VERB_per100,POS_ADV_per100,POS_CCONJ_per100,POS_PRON_per100,POS_ADP_per100,POS_PART_per100,POS_AUX_per100
5954.268953488372,4.695798255813954,72.81540697674419,3.6198302325581397,2.8868627450980386,1.1565359477124182,0.012332583034146343,2.0351829268292687,674667.7073170731,41607.46951219512,7754.793292682927,2.912560975609756,3.0755813953488373,764.2512643678159,3.8422908045977002,48.45103448275861,3.340614942528736,3.744347826086956,1.0075362318840582,0.018793494594252873,1.8466666666666667,46350.425287356324,17482.05747126437,532.7574712643678,2.0744827586206895,3.8620689655172415,165.0639534883721,3.3725558139534884,27.128139534883715,3.0768534883720937,4.564333333333334,0.611,0.027538361625581393,1.6013953488372092,8853.279069767443,5423.813953488372,101.75348837209302,1.6348837209302325,4.093023255813954,0.743739837398374,1.1627906976744187,11.046511627906977,8.13953488372093,25.0,9.883720930232558,7.55813953488372,8.720930232558139,15.69767441860465,8.13953488372093,1.1627906976744187,3.488372093023256
