all_freq_raw_mean,all_freq_log_mean,all_cd_raw_mean,all_cd_log_mean,all_concreteness_m_mean,all_concreteness_sd_mean,all_mean_cos_mean,all_SemD_mean,all_BNC_wordcount_mean,all_BNC_contexts_mean,all_BNC_freq_mean,all_lg_BNC_freq_mean,all_phonemes_mean,content_freq_raw_mean,content_freq_log_mean,content_cd_raw_mean,content_cd_log_mean,content_concreteness_m_mean,content_concreteness_sd_mean,content_mean_cos_mean,content_SemD_mean,content_BNC_wordcount_mean,content_BNC_contexts_mean,content_BNC_freq_mean,content_lg_BNC_freq_mean,content_phonemes_mean,noun_freq_raw_mean,noun_freq_log_mean,noun_cd_raw_mean,noun_cd_log_mean,noun_concreteness_m_mean,noun_concreteness_sd_mean,noun_mean_cos_mean,noun_SemD_mean,noun_BNC_wordcount_mean,noun_BNC_contexts_mean,noun_BNC_freq_mean,noun_lg_BNC_freq_mean,noun_phonemes_mean,mattr,POS_VERB_per100,POS_PRON_per100,POS_ADP_per100,POS_DET_per100,POS_NOUN_per100,POS_ADV_per100,POS_INTJ_per100,POS_AUX_per100,POS_CCONJ_per100,POS_ADJ_per100,POS_PART_per100
8652.948793103447,4.876437068965518,76.2828448275862,3.6453215517241384,2.648053097345133,1.1671681415929205,0.010438525669642859,2.083482142857143,1024610.5446428572,46073.36607142857,11777.132142857148,3.048125,3.1724137931034484,622.1302083333334,3.712977083333333,44.01145833333334,3.2569145833333337,3.4082222222222223,1.0888888888888888,0.017719519091666667,1.8372916666666665,19788.479166666668,10699.916666666666,227.45208333333332,1.84375,4.3125,237.8590909090909,3.5307136363636364,36.87318181818181,3.1654681818181816,4.112631578947369,0.7773684210526315,0.024243690454545455,1.6804545454545454,9421.181818181818,5770.636363636364,108.28181818181817,1.660909090909091,4.2727272727272725,0.7298507462686566,15.517241379310345,15.517241379310345,10.344827586206897,13.793103448275861,18.96551724137931,4.310344827586207,0.8620689655172413,6.896551724137931,7.758620689655173,2.586206896551724,3.4482758620689653
