all_freq_raw_mean,all_freq_log_mean,all_cd_raw_mean,all_cd_log_mean,all_concreteness_m_mean,all_concreteness_sd_mean,all_mean_cos_mean,all_SemD_mean,all_BNC_wordcount_mean,all_BNC_contexts_mean,all_BNC_freq_mean,all_lg_BNC_freq_mean,all_phonemes_mean,content_freq_raw_mean,content_freq_log_mean,content_cd_raw_mean,content_cd_log_mean,content_concreteness_m_mean,content_concreteness_sd_mean,content_mean_cos_mean,content_SemD_mean,content_BNC_wordcount_mean,content_BNC_contexts_mean,content_BNC_freq_mean,content_lg_BNC_freq_mean,content_phonemes_mean,noun_freq_raw_mean,noun_freq_log_mean,noun_cd_raw_mean,noun_cd_log_mean,noun_concreteness_m_mean,noun_concreteness_sd_mean,noun_mean_cos_mean,noun_SemD_mean,noun_BNC_wordcount_mean,noun_BNC_contexts_mean,noun_BNC_freq_mean,noun_lg_BNC_freq_mean,noun_phonemes_mean,mattr,POS_ADP_per100,POS_DET_per100,POS_NOUN_per100,POS_PRON_per100,POS_VERB_per100,POS_AUX_per100,POS_PROPN_per100,POS_ADV_per100,POS_CCONJ_per100
10484.333255813955,4.81531511627907,72.70069767441862,3.567765116279071,2.805308641975309,1.1132098765432097,0.012634670601234568,2.0540740740740744,1406588.3827160494,47266.93827160494,16167.685185185188,3.06358024691358,3.011627906976744,451.2563157894737,3.5253,39.42973684210527,3.1242736842105274,3.898181818181818,1.003030303030303,0.023491854255263154,1.7381578947368421,20571.105263157893,9918.342105263158,236.44210526315788,1.786315789473684,4.2105263157894735,181.4621052631579,3.4199842105263163,30.738947368421055,3.0817105263157893,4.5842857142857145,0.6128571428571429,0.03143572752631579,1.5505263157894738,8879.578947368422,4663.9473684210525,102.05789473684212,1.5936842105263158,4.052631578947368,0.562162162162162,8.13953488372093,19.767441860465116,22.093023255813954,12.790697674418606,19.767441860465116,11.627906976744185,1.1627906976744187,2.3255813953488373,2.3255813953488373
