all_freq_raw_mean,all_freq_log_mean,all_cd_raw_mean,all_cd_log_mean,all_concreteness_m_mean,all_concreteness_sd_mean,all_mean_cos_mean,all_SemD_mean,all_BNC_wordcount_mean,all_BNC_contexts_mean,all_BNC_freq_mean,all_lg_BNC_freq_mean,all_phonemes_mean,content_freq_raw_mean,content_freq_log_mean,content_cd_raw_mean,content_cd_log_mean,content_concreteness_m_mean,content_concreteness_sd_mean,content_mean_cos_mean,content_SemD_mean,content_BNC_wordcount_mean,content_BNC_contexts_mean,content_BNC_freq_mean,content_lg_BNC_freq_mean,content_phonemes_mean,noun_freq_raw_mean,noun_freq_log_mean,noun_cd_raw_mean,noun_cd_log_mean,noun_concreteness_m_mean,noun_concreteness_sd_mean,noun_mean_cos_mean,noun_SemD_mean,noun_BNC_wordcount_mean,noun_BNC_contexts_mean,noun_BNC_freq_mean,noun_lg_BNC_freq_mean,noun_phonemes_mean,mattr,POS_CCONJ_per100,POS_PRON_per100,POS_DET_per100,POS_NOUN_per100,POS_ADP_per100,POS_ADJ_per100,POS_AUX_per100,POS_VERB_per100,POS_ADV_per100,POS_SCONJ_per100,POS_INTJ_per100
7625.942886597939,4.817823711340206,74.28350515463919,3.6708814432989687,2.8354255319148933,1.2092553191489361,0.013489466117204302,2.0115053763440858,943429.2688172043,38959.086021505376,10844.016129032258,2.81483870967742,2.9690721649484537,663.9897435897436,3.755348717948717,44.761538461538464,3.3376307692307696,3.8038888888888898,1.025,0.016005545376923076,1.8782051282051282,22642.28205128205,13191.384615384615,260.2564102564103,2.0171794871794875,3.769230769230769,143.118,3.4893150000000004,33.5275,3.21609,4.512777777777778,0.8255555555555555,0.020722532175000002,1.7465000000000004,12102.95,8041.4,139.115,1.879,3.45,0.7391666666666667,4.123711340206185,15.463917525773196,13.402061855670103,20.618556701030926,12.371134020618557,5.154639175257731,2.0618556701030926,10.309278350515463,4.123711340206185,1.0309278350515463,11.34020618556701
