all_freq_raw_mean,all_freq_log_mean,all_cd_raw_mean,all_cd_log_mean,all_concreteness_m_mean,all_concreteness_sd_mean,all_mean_cos_mean,all_SemD_mean,all_BNC_wordcount_mean,all_BNC_contexts_mean,all_BNC_freq_mean,all_lg_BNC_freq_mean,all_phonemes_mean,content_freq_raw_mean,content_freq_log_mean,content_cd_raw_mean,content_cd_log_mean,content_concreteness_m_mean,content_concreteness_sd_mean,content_mean_cos_mean,content_SemD_mean,content_BNC_wordcount_mean,content_BNC_contexts_mean,content_BNC_freq_mean,content_lg_BNC_freq_mean,content_phonemes_mean,noun_freq_raw_mean,noun_freq_log_mean,noun_cd_raw_mean,noun_cd_log_mean,noun_concreteness_m_mean,noun_concreteness_sd_mean,noun_mean_cos_mean,noun_SemD_mean,noun_BNC_wordcount_mean,noun_BNC_contexts_mean,noun_BNC_freq_mean,noun_lg_BNC_freq_mean,noun_phonemes_mean,mattr,POS_INTJ_per100,POS_CCONJ_per100,POS_PRON_per100,POS_DET_per100,POS_NOUN_per100,POS_ADV_per100,POS_VERB_per100,POS_AUX_per100,POS_ADJ_per100,POS_ADP_per100,POS_PART_per100,POS_SCONJ_per100
8700.437661290323,4.820382258064516,75.31588709677419,3.6323314516129037,2.757457627118644,1.1376271186440676,0.012644005066666667,2.0402631578947372,927778.8070175438,41507.570175438595,10664.121052631579,2.9075438596491225,2.9838709677419355,878.3943636363638,3.8690472727272724,50.21145454545455,3.33608,3.6572000000000005,1.0108,0.019041143278181818,1.8430909090909087,31257.654545454545,15591.418181818182,359.2781818181818,2.0536363636363637,3.890909090909091,138.57461538461538,3.408823076923077,28.1,3.1126153846153843,4.533181818181818,0.6181818181818182,0.027932449438461536,1.637692307692308,11893.346153846154,6439.884615384615,136.70000000000002,1.761153846153846,4.153846153846154,0.7722666666666667,3.225806451612903,6.451612903225806,14.516129032258066,14.516129032258066,20.967741935483872,4.032258064516129,16.129032258064516,7.258064516129033,3.225806451612903,8.064516129032258,0.8064516129032258,0.8064516129032258
