all_freq_raw_mean,all_freq_log_mean,all_cd_raw_mean,all_cd_log_mean,all_concreteness_m_mean,all_concreteness_sd_mean,all_mean_cos_mean,all_SemD_mean,all_BNC_wordcount_mean,all_BNC_contexts_mean,all_BNC_freq_mean,all_lg_BNC_freq_mean,all_phonemes_mean,content_freq_raw_mean,content_freq_log_mean,content_cd_raw_mean,content_cd_log_mean,content_concreteness_m_mean,content_concreteness_sd_mean,content_mean_cos_mean,content_SemD_mean,content_BNC_wordcount_mean,content_BNC_contexts_mean,content_BNC_freq_mean,content_lg_BNC_freq_mean,content_phonemes_mean,noun_freq_raw_mean,noun_freq_log_mean,noun_cd_raw_mean,noun_cd_log_mean,noun_concreteness_m_mean,noun_concreteness_sd_mean,noun_mean_cos_mean,noun_SemD_mean,noun_BNC_wordcount_mean,noun_BNC_contexts_mean,noun_BNC_freq_mean,noun_lg_BNC_freq_mean,noun_phonemes_mean,mattr,POS_PRON_per100,POS_VERB_per100,POS_DET_per100,POS_NOUN_per100,POS_ADP_per100,POS_AUX_per100,POS_ADJ_per100,POS_CCONJ_per100,POS_ADV_per100,POS_NUM_per100
8268.465566037736,4.692723584905661,70.06896226415095,3.557900943396227,2.8358762886597937,1.0607216494845362,0.011665637130392157,2.0564705882352943,1277881.4215686275,45344.117647058825,14688.298039215688,3.004607843137255,2.9622641509433962,452.8055319148934,3.463495744680851,35.077446808510636,3.1186446808510637,4.173684210526315,0.8171052631578948,0.02156584996595745,1.7623404255319146,38635.574468085106,10245.404255319148,444.0829787234042,1.7376595744680852,4.1063829787234045,158.45137931034483,3.3766137931034486,28.899655172413794,3.0634344827586206,4.825,0.47833333333333333,0.028247917131034486,1.5899999999999996,8253.137931034482,4799.482758620689,94.8551724137931,1.5396551724137928,3.8620689655172415,0.635438596491228,7.547169811320755,12.264150943396226,20.754716981132077,27.358490566037734,14.150943396226415,11.320754716981133,2.8301886792452833,0.9433962264150944,1.8867924528301887,0.9433962264150944
