all_freq_raw_mean,all_freq_log_mean,all_cd_raw_mean,all_cd_log_mean,all_concreteness_m_mean,all_concreteness_sd_mean,all_mean_cos_mean,all_SemD_mean,all_BNC_wordcount_mean,all_BNC_contexts_mean,all_BNC_freq_mean,all_lg_BNC_freq_mean,all_phonemes_mean,content_freq_raw_mean,content_freq_log_mean,content_cd_raw_mean,content_cd_log_mean,content_concreteness_m_mean,content_concreteness_sd_mean,content_mean_cos_mean,content_SemD_mean,content_BNC_wordcount_mean,content_BNC_contexts_mean,content_BNC_freq_mean,content_lg_BNC_freq_mean,content_phonemes_mean,noun_freq_raw_mean,noun_freq_log_mean,noun_cd_raw_mean,noun_cd_log_mean,noun_concreteness_m_mean,noun_concreteness_sd_mean,noun_mean_cos_mean,noun_SemD_mean,noun_BNC_wordcount_mean,noun_BNC_contexts_mean,noun_BNC_freq_mean,noun_lg_BNC_freq_mean,noun_phonemes_mean,mattr,POS_PRON_per100,POS_VERB_per100,POS_PART_per100,POS_ADV_per100,POS_AUX_per100,POS_DET_per100,POS_NOUN_per100,POS_ADP_per100,POS_CCONJ_per100,POS_X_per100,POS_INTJ_per100,POS_ADJ_per100,POS_NUM_per100
9338.368932038835,4.907090776699029,77.34116504854369,3.649459708737864,2.816836734693877,1.1261224489795918,0.0101029439964467,2.1114213197969547,1096818.1573604061,49965.1269035533,12607.104568527917,3.149340101522843,2.911764705882353,996.5439743589741,3.7968179487179485,47.44730769230769,3.2591397435897442,3.790571428571428,0.9137142857142857,0.018407435562820516,1.8515384615384614,51076.269230769234,17957.82051282051,587.0769230769231,2.0417948717948717,3.8333333333333335,174.22999999999996,3.3070904761904765,27.736904761904764,3.0046523809523813,4.686315789473684,0.5997368421052631,0.02534569038809524,1.6602380952380953,12269.190476190477,7114.214285714285,141.0142857142857,1.6326190476190474,4.023809523809524,0.7031847133757962,16.019417475728158,14.077669902912621,1.4563106796116505,1.9417475728155338,7.766990291262135,16.50485436893204,20.388349514563107,14.077669902912621,3.8834951456310676,0.48543689320388345,0.48543689320388345,1.4563106796116505,1.4563106796116505
