all_freq_raw_mean,all_freq_log_mean,all_cd_raw_mean,all_cd_log_mean,all_concreteness_m_mean,all_concreteness_sd_mean,all_mean_cos_mean,all_SemD_mean,all_BNC_wordcount_mean,all_BNC_contexts_mean,all_BNC_freq_mean,all_lg_BNC_freq_mean,all_phonemes_mean,content_freq_raw_mean,content_freq_log_mean,content_cd_raw_mean,content_cd_log_mean,content_concreteness_m_mean,content_concreteness_sd_mean,content_mean_cos_mean,content_SemD_mean,content_BNC_wordcount_mean,content_BNC_contexts_mean,content_BNC_freq_mean,content_lg_BNC_freq_mean,content_phonemes_mean,noun_freq_raw_mean,noun_freq_log_mean,noun_cd_raw_mean,noun_cd_log_mean,noun_concreteness_m_mean,noun_concreteness_sd_mean,noun_mean_cos_mean,noun_SemD_mean,noun_BNC_wordcount_mean,noun_BNC_contexts_mean,noun_BNC_freq_mean,noun_lg_BNC_freq_mean,noun_phonemes_mean,mattr,POS_VERB_per100,POS_DET_per100,POS_NOUN_per100,POS_ADP_per100,POS_CCONJ_per100,POS_PRON_per100,POS_ADV_per100,POS_AUX_per100,POS_ADJ_per100,POS_PART_per100,POS_SCONJ_per100,POS_INTJ_per100
8454.277894736842,4.8643989473684215,77.47157894736843,3.642621052631579,2.745,1.163586956521739,0.010761862293478263,2.079565217391304,915500.304347826,45151.59782608696,10522.991304347826,2.9741304347826087,3.221052631578947,861.0342499999999,3.8023975,48.93775,3.2677974999999995,3.564594594594595,1.057027027027027,0.01874123163,1.82975,25319.25,13466.425,291.02000000000004,1.8674999999999997,4.1,214.16722222222222,3.3252111111111113,25.96277777777778,3.0021111111111107,4.525333333333333,0.6866666666666668,0.027171949100000002,1.608888888888889,7013.944444444444,4521.0,80.61111111111109,1.4388888888888889,4.388888888888889,0.6882608695652174,17.894736842105264,13.684210526315791,18.947368421052634,10.526315789473683,1.0526315789473684,20.0,4.2105263157894735,8.421052631578947,1.0526315789473684,2.1052631578947367,1.0526315789473684,1.0526315789473684
