all_freq_raw_mean,all_freq_log_mean,all_cd_raw_mean,all_cd_log_mean,all_concreteness_m_mean,all_concreteness_sd_mean,all_mean_cos_mean,all_SemD_mean,all_BNC_wordcount_mean,all_BNC_contexts_mean,all_BNC_freq_mean,all_lg_BNC_freq_mean,all_phonemes_mean,content_freq_raw_mean,content_freq_log_mean,content_cd_raw_mean,content_cd_log_mean,content_concreteness_m_mean,content_concreteness_sd_mean,content_mean_cos_mean,content_SemD_mean,content_BNC_wordcount_mean,content_BNC_contexts_mean,content_BNC_freq_mean,content_lg_BNC_freq_mean,content_phonemes_mean,noun_freq_raw_mean,noun_freq_log_mean,noun_cd_raw_mean,noun_cd_log_mean,noun_concreteness_m_mean,noun_concreteness_sd_mean,noun_mean_cos_mean,noun_SemD_mean,noun_BNC_wordcount_mean,noun_BNC_contexts_mean,noun_BNC_freq_mean,noun_lg_BNC_freq_mean,noun_phonemes_mean,mattr,POS_PRON_per100,POS_VERB_per100,POS_ADP_per100,POS_DET_per100,POS_NOUN_per100,POS_AUX_per100,POS_ADJ_per100,POS_NUM_per100,POS_ADV_per100,POS_CCONJ_per100,POS_PART_per100,POS_SCONJ_per100,POS_PROPN_per100,POS_INTJ_per100
7467.152029702973,4.854202970297029,78.30044554455446,3.6792391089108913,2.856914893617021,1.189308510638298,0.010967408290000001,2.0658421052631577,796827.9947368421,42009.73684210526,9158.944210526317,2.980631578947368,2.98019801980198,962.7010227272726,3.949101136363636,53.7103409090909,3.3864852272727273,3.3997333333333337,1.0345333333333333,0.016166984564772727,1.9032954545454543,36987.954545454544,18040.125,425.1488636363637,2.121590909090909,4.079545454545454,276.5855555555556,3.5978722222222217,35.172777777777775,3.2315944444444447,4.421724137931034,0.676551724137931,0.024084711641666666,1.6975,16097.111111111111,8947.944444444445,185.02222222222224,1.8597222222222223,4.194444444444445,0.7770322580645161,16.666666666666664,14.215686274509803,12.254901960784313,10.294117647058822,17.647058823529413,3.431372549019608,5.88235294117647,4.411764705882353,5.88235294117647,3.9215686274509802,0.9803921568627451,0.9803921568627451,0.49019607843137253,2.941176470588235
