all_freq_raw_mean,all_freq_log_mean,all_cd_raw_mean,all_cd_log_mean,all_concreteness_m_mean,all_concreteness_sd_mean,all_mean_cos_mean,all_SemD_mean,all_BNC_wordcount_mean,all_BNC_contexts_mean,all_BNC_freq_mean,all_lg_BNC_freq_mean,all_phonemes_mean,content_freq_raw_mean,content_freq_log_mean,content_cd_raw_mean,content_cd_log_mean,content_concreteness_m_mean,content_concreteness_sd_mean,content_mean_cos_mean,content_SemD_mean,content_BNC_wordcount_mean,content_BNC_contexts_mean,content_BNC_freq_mean,content_lg_BNC_freq_mean,content_phonemes_mean,noun_freq_raw_mean,noun_freq_log_mean,noun_cd_raw_mean,noun_cd_log_mean,noun_concreteness_m_mean,noun_concreteness_sd_mean,noun_mean_cos_mean,noun_SemD_mean,noun_BNC_wordcount_mean,noun_BNC_contexts_mean,noun_BNC_freq_mean,noun_lg_BNC_freq_mean,noun_phonemes_mean,mattr,POS_PRON_per100,POS_VERB_per100,POS_PART_per100,POS_ADP_per100,POS_DET_per100,POS_NOUN_per100,POS_INTJ_per100,POS_PROPN_per100,POS_ADV_per100
12186.629864864866,5.187408108108109,83.72891891891891,3.7720486486486493,2.827123287671233,1.1760273972602742,0.011373196063076923,2.0469230769230773,1083847.5692307693,44664.18461538461,12458.01692307692,3.0573846153846156,2.7567567567567566,1928.0028125000003,4.485925,69.4690625,3.6181625000000004,3.3851612903225807,0.9825806451612904,0.015386266246875,1.899375,47391.4375,22090.9375,544.7281250000001,2.46,3.6875,114.9175,3.534058333333333,28.58666666666667,3.2010666666666663,4.789090909090908,0.41,0.022965457608333337,1.6916666666666667,16478.083333333332,7786.666666666667,189.41666666666666,2.0316666666666663,4.166666666666667,0.45519999999999994,17.56756756756757,22.972972972972975,6.756756756756757,10.81081081081081,13.513513513513514,16.216216216216218,6.756756756756757,1.3513513513513513,4.054054054054054
