all_freq_raw_mean,all_freq_log_mean,all_cd_raw_mean,all_cd_log_mean,all_concreteness_m_mean,all_concreteness_sd_mean,all_mean_cos_mean,all_SemD_mean,all_BNC_wordcount_mean,all_BNC_contexts_mean,all_BNC_freq_mean,all_lg_BNC_freq_mean,all_phonemes_mean,content_freq_raw_mean,content_freq_log_mean,content_cd_raw_mean,content_cd_log_mean,content_concreteness_m_mean,content_concreteness_sd_mean,content_mean_cos_mean,content_SemD_mean,content_BNC_wordcount_mean,content_BNC_contexts_mean,content_BNC_freq_mean,content_lg_BNC_freq_mean,content_phonemes_mean,noun_freq_raw_mean,noun_freq_log_mean,noun_cd_raw_mean,noun_cd_log_mean,noun_concreteness_m_mean,noun_concreteness_sd_mean,noun_mean_cos_mean,noun_SemD_mean,noun_BNC_wordcount_mean,noun_BNC_contexts_mean,noun_BNC_freq_mean,noun_lg_BNC_freq_mean,noun_phonemes_mean,mattr,POS_SCONJ_per100,POS_AUX_per100,POS_PRON_per100,POS_VERB_per100,POS_DET_per100,POS_NOUN_per100,POS_ADP_per100,POS_CCONJ_per100,POS_PART_per100,POS_ADV_per100,POS_INTJ_per100,POS_ADJ_per100,POS_NUM_per100
8999.112727272726,5.04527077922078,82.59051948051948,3.767076623376623,2.4907382550335573,1.2293288590604028,0.009158815076388889,2.1189583333333335,771862.1458333334,45504.09027777778,8871.978472222221,3.052986111111111,3.227272727272727,1179.0110769230769,4.20842923076923,62.33892307692307,3.5699892307692305,2.9498333333333333,1.2223333333333335,0.011874904789062501,1.998125,49171.171875,20295.3125,565.1875,2.299375,4.046153846153846,473.0223809523809,3.89392380952381,45.93000000000001,3.4431238095238093,3.9382352941176473,1.1511764705882355,0.015190489875,1.9080000000000001,26551.45,14500.75,305.195,2.2085,3.9047619047619047,0.7502857142857141,1.948051948051948,5.194805194805195,20.77922077922078,16.883116883116884,11.03896103896104,13.636363636363635,7.792207792207792,3.896103896103896,3.2467532467532463,7.142857142857142,3.2467532467532463,4.545454545454546,0.6493506493506493
