all_freq_raw_mean,all_freq_log_mean,all_cd_raw_mean,all_cd_log_mean,all_concreteness_m_mean,all_concreteness_sd_mean,all_mean_cos_mean,all_SemD_mean,all_BNC_wordcount_mean,all_BNC_contexts_mean,all_BNC_freq_mean,all_lg_BNC_freq_mean,all_phonemes_mean,content_freq_raw_mean,content_freq_log_mean,content_cd_raw_mean,content_cd_log_mean,content_concreteness_m_mean,content_concreteness_sd_mean,content_mean_cos_mean,content_SemD_mean,content_BNC_wordcount_mean,content_BNC_contexts_mean,content_BNC_freq_mean,content_lg_BNC_freq_mean,content_phonemes_mean,noun_freq_raw_mean,noun_freq_log_mean,noun_cd_raw_mean,noun_cd_log_mean,noun_concreteness_m_mean,noun_concreteness_sd_mean,noun_mean_cos_mean,noun_SemD_mean,noun_BNC_wordcount_mean,noun_BNC_contexts_mean,noun_BNC_freq_mean,noun_lg_BNC_freq_mean,noun_phonemes_mean,mattr,POS_CCONJ_per100,POS_PRON_per100,POS_DET_per100,POS_NOUN_per100,POS_VERB_per100,POS_ADP_per100,POS_AUX_per100,POS_ADV_per100,POS_ADJ_per100,POS_NUM_per100
8315.394791666668,4.650547916666667,67.78027777777778,3.5326298611111113,2.8478358208955226,1.070223880597015,0.011982459745864663,2.0488721804511276,1113630.045112782,43197.83458646617,12800.344360902256,2.9086466165413536,3.173611111111111,620.9474242424243,3.4979015151515154,34.49030303030303,3.1148393939393944,3.944107142857143,0.8724999999999999,0.02005563810151515,1.8050000000000002,50667.242424242424,13468.89393939394,582.371212121212,1.8180303030303027,4.287878787878788,131.63074999999998,3.2581649999999995,21.11275,2.9906425,4.564411764705882,0.6070588235294118,0.02678077995,1.6155000000000002,9112.625,4968.25,104.73249999999999,1.50425,4.125,0.6160416666666666,3.4482758620689653,10.344827586206897,20.0,27.586206896551722,12.413793103448276,11.724137931034482,7.586206896551724,2.0689655172413794,4.137931034482759,0.6896551724137931
