all_freq_raw_mean,all_freq_log_mean,all_cd_raw_mean,all_cd_log_mean,all_concreteness_m_mean,all_concreteness_sd_mean,all_mean_cos_mean,all_SemD_mean,all_BNC_wordcount_mean,all_BNC_contexts_mean,all_BNC_freq_mean,all_lg_BNC_freq_mean,all_phonemes_mean,content_freq_raw_mean,content_freq_log_mean,content_cd_raw_mean,content_cd_log_mean,content_concreteness_m_mean,content_concreteness_sd_mean,content_mean_cos_mean,content_SemD_mean,content_BNC_wordcount_mean,content_BNC_contexts_mean,content_BNC_freq_mean,content_lg_BNC_freq_mean,content_phonemes_mean,noun_freq_raw_mean,noun_freq_log_mean,noun_cd_raw_mean,noun_cd_log_mean,noun_concreteness_m_mean,noun_concreteness_sd_mean,noun_mean_cos_mean,noun_SemD_mean,noun_BNC_wordcount_mean,noun_BNC_contexts_mean,noun_BNC_freq_mean,noun_lg_BNC_freq_mean,noun_phonemes_mean,mattr,POS_PRON_per100,POS_VERB_per100,POS_DET_per100,POS_NOUN_per100,POS_ADP_per100,POS_CCONJ_per100,POS_AUX_per100,POS_ADV_per100,POS_ADJ_per100,POS_PART_per100,POS_INTJ_per100,POS_SCONJ_per100
8694.597123287671,4.802456164383562,73.61671232876712,3.6401602739726027,2.838358208955224,1.1019402985074627,0.010815266191666666,2.084722222222222,1318282.9027777778,47336.61111111111,15152.672222222223,3.113055555555555,2.958904109589041,375.75000000000006,3.6939939393939394,42.73424242424243,3.3013151515151513,3.9466666666666668,0.9292592592592592,0.017748234475757574,1.866060606060606,34570.818181818184,15173.121212121212,397.3515151515152,1.947878787878788,4.0,108.23555555555555,3.238811111111111,22.75888888888889,2.985750000000001,4.659285714285714,0.5407142857142857,0.025917182955555555,1.6355555555555559,8484.0,4935.277777777777,97.50555555555553,1.495,4.0,0.665,12.32876712328767,13.698630136986301,16.43835616438356,24.65753424657534,10.95890410958904,2.73972602739726,5.47945205479452,1.36986301369863,5.47945205479452,4.10958904109589,1.36986301369863,1.36986301369863
