all_freq_raw_mean,all_freq_log_mean,all_cd_raw_mean,all_cd_log_mean,all_concreteness_m_mean,all_concreteness_sd_mean,all_mean_cos_mean,all_SemD_mean,all_BNC_wordcount_mean,all_BNC_contexts_mean,all_BNC_freq_mean,all_lg_BNC_freq_mean,all_phonemes_mean,content_freq_raw_mean,content_freq_log_mean,content_cd_raw_mean,content_cd_log_mean,content_concreteness_m_mean,content_concreteness_sd_mean,content_mean_cos_mean,content_SemD_mean,content_BNC_wordcount_mean,content_BNC_contexts_mean,content_BNC_freq_mean,content_lg_BNC_freq_mean,content_phonemes_mean,noun_freq_raw_mean,noun_freq_log_mean,noun_cd_raw_mean,noun_cd_log_mean,noun_concreteness_m_mean,noun_concreteness_sd_mean,noun_mean_cos_mean,noun_SemD_mean,noun_BNC_wordcount_mean,noun_BNC_contexts_mean,noun_BNC_freq_mean,noun_lg_BNC_freq_mean,noun_phonemes_mean,mattr,POS_PRON_per100,POS_VERB_per100,POS_PART_per100,POS_ADP_per100,POS_DET_per100,POS_NOUN_per100,POS_CCONJ_per100,POS_ADV_per100,POS_ADJ_per100,POS_AUX_per100,POS_INTJ_per100,POS_SCONJ_per100
8078.171964285714,5.009655357142857,82.516875,3.736725,2.5977142857142854,1.2638095238095237,0.010907973347222223,2.073611111111111,734666.8425925926,45124.98148148148,8444.446296296297,3.0246296296296293,2.955357142857143,1665.2228260869567,4.220404347826086,60.504782608695656,3.482623913043478,3.04974358974359,1.1864102564102563,0.01779262153478261,1.8645652173913045,82888.82608695653,19910.565217391304,952.7478260869564,2.1256521739130436,3.8043478260869565,115.30266666666667,3.2921533333333337,21.390666666666657,3.0041199999999995,4.715,0.6262500000000001,0.030015446780000003,1.5600000000000003,4772.266666666666,3063.4666666666667,54.846666666666664,1.4559999999999997,4.266666666666667,0.7403174603174605,25.892857142857146,16.071428571428573,1.7857142857142856,9.821428571428571,6.25,13.392857142857142,3.571428571428571,5.357142857142857,6.25,9.821428571428571,0.8928571428571428,0.8928571428571428
