all_freq_raw_mean,all_freq_log_mean,all_cd_raw_mean,all_cd_log_mean,all_concreteness_m_mean,all_concreteness_sd_mean,all_mean_cos_mean,all_SemD_mean,all_BNC_wordcount_mean,all_BNC_contexts_mean,all_BNC_freq_mean,all_lg_BNC_freq_mean,all_phonemes_mean,content_freq_raw_mean,content_freq_log_mean,content_cd_raw_mean,content_cd_log_mean,content_concreteness_m_mean,content_concreteness_sd_mean,content_mean_cos_mean,content_SemD_mean,content_BNC_wordcount_mean,content_BNC_contexts_mean,content_BNC_freq_mean,content_lg_BNC_freq_mean,content_phonemes_mean,noun_freq_raw_mean,noun_freq_log_mean,noun_cd_raw_mean,noun_cd_log_mean,noun_concreteness_m_mean,noun_concreteness_sd_mean,noun_mean_cos_mean,noun_SemD_mean,noun_BNC_wordcount_mean,noun_BNC_contexts_mean,noun_BNC_freq_mean,noun_lg_BNC_freq_mean,noun_phonemes_mean,mattr,POS_NOUN_per100,POS_VERB_per100,POS_ADP_per100,POS_DET_per100,POS_PRON_per100,POS_PART_per100,POS_AUX_per100,POS_CCONJ_per100,POS_ADV_per100,POS_INTJ_per100,POS_ADJ_per100
7359.228474576271,4.576644915254238,66.65525423728813,3.514640677966101,3.0538317757009343,1.1086915887850466,0.013170408392660553,2.0160550458715596,743687.8715596331,40263.752293577985,8548.129357798167,2.7033944954128435,3.2203389830508473,657.9861290322581,3.5996048387096775,38.74935483870967,3.166127419354839,3.952549019607844,0.9103921568627451,0.020727000437704916,1.7868852459016393,37154.475409836065,13209.83606557377,427.05409836065564,1.809016393442623,4.080645161290323,175.40133333333335,3.151013333333333,21.01,2.876366666666667,4.674799999999999,0.5995999999999999,0.0274591724275862,1.6010344827586211,13631.379310344828,5570.137931034483,156.66896551724142,1.4248275862068964,4.233333333333333,0.7816901408450703,25.0,21.666666666666668,13.333333333333334,14.166666666666666,11.666666666666666,3.3333333333333335,1.6666666666666667,0.8333333333333334,3.3333333333333335,2.5,2.5
