all_freq_raw_mean,all_freq_log_mean,all_cd_raw_mean,all_cd_log_mean,all_concreteness_m_mean,all_concreteness_sd_mean,all_mean_cos_mean,all_SemD_mean,all_BNC_wordcount_mean,all_BNC_contexts_mean,all_BNC_freq_mean,all_lg_BNC_freq_mean,all_phonemes_mean,content_freq_raw_mean,content_freq_log_mean,content_cd_raw_mean,content_cd_log_mean,content_concreteness_m_mean,content_concreteness_sd_mean,content_mean_cos_mean,content_SemD_mean,content_BNC_wordcount_mean,content_BNC_contexts_mean,content_BNC_freq_mean,content_lg_BNC_freq_mean,content_phonemes_mean,noun_freq_raw_mean,noun_freq_log_mean,noun_cd_raw_mean,noun_cd_log_mean,noun_concreteness_m_mean,noun_concreteness_sd_mean,noun_mean_cos_mean,noun_SemD_mean,noun_BNC_wordcount_mean,noun_BNC_contexts_mean,noun_BNC_freq_mean,noun_lg_BNC_freq_mean,noun_phonemes_mean,mattr,POS_PRON_per100,POS_DET_per100,POS_NOUN_per100,POS_INTJ_per100,POS_AUX_per100,POS_VERB_per100,POS_ADP_per100,POS_NUM_per100,POS_ADV_per100
7986.814310344827,4.784322413793104,74.85379310344828,3.6421344827586206,2.8498181818181814,1.1698181818181819,0.011594946605357145,2.0839285714285714,932718.6607142857,45666.91071428572,10720.903571428573,2.9548214285714285,3.1724137931034484,577.8116666666666,3.6825500000000004,42.4075,3.2582624999999994,3.7057142857142855,1.0385714285714285,0.02057405749166667,1.8237499999999998,28413.291666666668,13669.625,326.5833333333333,1.8504166666666666,4.125,167.28307692307695,3.3134076923076923,27.713846153846152,2.9952076923076922,4.511818181818182,0.740909090909091,0.030133901961538465,1.5784615384615384,6598.0,4168.923076923077,75.83076923076922,1.4230769230769231,4.230769230769231,0.7844444444444445,24.137931034482758,12.068965517241379,22.413793103448278,1.7241379310344827,8.620689655172415,15.517241379310345,10.344827586206897,1.7241379310344827,3.4482758620689653
