all_freq_raw_mean,all_freq_log_mean,all_cd_raw_mean,all_cd_log_mean,all_concreteness_m_mean,all_concreteness_sd_mean,all_mean_cos_mean,all_SemD_mean,all_BNC_wordcount_mean,all_BNC_contexts_mean,all_BNC_freq_mean,all_lg_BNC_freq_mean,all_phonemes_mean,content_freq_raw_mean,content_freq_log_mean,content_cd_raw_mean,content_cd_log_mean,content_concreteness_m_mean,content_concreteness_sd_mean,content_mean_cos_mean,content_SemD_mean,content_BNC_wordcount_mean,content_BNC_contexts_mean,content_BNC_freq_mean,content_lg_BNC_freq_mean,content_phonemes_mean,noun_freq_raw_mean,noun_freq_log_mean,noun_cd_raw_mean,noun_cd_log_mean,noun_concreteness_m_mean,noun_concreteness_sd_mean,noun_mean_cos_mean,noun_SemD_mean,noun_BNC_wordcount_mean,noun_BNC_contexts_mean,noun_BNC_freq_mean,noun_lg_BNC_freq_mean,noun_phonemes_mean,mattr,POS_PRON_per100,POS_VERB_per100,POS_PART_per100,POS_ADP_per100,POS_DET_per100,POS_NOUN_per100,POS_AUX_per100,POS_ADV_per100,POS_INTJ_per100,POS_CCONJ_per100,POS_ADJ_per100
9805.604642857143,4.9609651785714295,79.233125,3.66750625,2.8392592592592596,1.1475925925925925,0.009892199910576922,2.095,1013134.8269230769,47426.38461538462,11645.22307692308,3.1140384615384615,3.169642857142857,1112.6291666666668,3.9233999999999996,53.546458333333334,3.3353916666666668,3.6168181818181817,0.9838636363636364,0.01612256195319149,1.889787234042553,51045.255319148935,18586.191489361703,586.7234042553191,2.092127659574468,4.083333333333333,128.7847058823529,3.2283529411764706,24.517058823529414,2.926717647058824,4.872000000000001,0.352,0.027292074131250003,1.600625,9777.875,4782.5,112.38749999999999,1.5499999999999998,3.8823529411764706,0.6688888888888886,20.535714285714285,20.535714285714285,2.6785714285714284,7.142857142857142,12.5,15.178571428571427,4.464285714285714,6.25,1.7857142857142856,8.035714285714286,0.8928571428571428
