all_freq_raw_mean,all_freq_log_mean,all_cd_raw_mean,all_cd_log_mean,all_concreteness_m_mean,all_concreteness_sd_mean,all_mean_cos_mean,all_SemD_mean,all_BNC_wordcount_mean,all_BNC_contexts_mean,all_BNC_freq_mean,all_lg_BNC_freq_mean,all_phonemes_mean,content_freq_raw_mean,content_freq_log_mean,content_cd_raw_mean,content_cd_log_mean,content_concreteness_m_mean,content_concreteness_sd_mean,content_mean_cos_mean,content_SemD_mean,content_BNC_wordcount_mean,content_BNC_contexts_mean,content_BNC_freq_mean,content_lg_BNC_freq_mean,content_phonemes_mean,noun_freq_raw_mean,noun_freq_log_mean,noun_cd_raw_mean,noun_cd_log_mean,noun_concreteness_m_mean,noun_concreteness_sd_mean,noun_mean_cos_mean,noun_SemD_mean,noun_BNC_wordcount_mean,noun_BNC_contexts_mean,noun_BNC_freq_mean,noun_lg_BNC_freq_mean,noun_phonemes_mean,mattr,POS_PRON_per100,POS_VERB_per100,POS_ADP_per100,POS_INTJ_per100,POS_DET_per100,POS_ADJ_per100,POS_NOUN_per100,POS_AUX_per100,POS_ADV_per100,POS_CCONJ_per100,POS_SCONJ_per100,POS_PART_per100
8110.506363636364,4.752972077922077,74.6637012987013,3.6033532467532465,2.83248322147651,1.1238255033557045,0.010611723343356643,2.0766433566433564,943081.0629370629,43565.58741258741,10840.00979020979,2.9116783216783215,3.064935064935065,661.3651470588237,3.7065794117647055,46.49573529411765,3.2391720588235287,3.6425,0.9340625,0.016555336158208957,1.8738805970149253,27086.014925373136,14769.641791044776,311.323880597015,1.9037313432835823,4.147058823529412,195.38892857142858,3.2783285714285717,27.460000000000008,2.971896428571429,4.744814814814815,0.48740740740740746,0.023374287962962956,1.6644444444444446,13396.222222222223,7013.148148148148,153.96296296296296,1.4725925925925927,3.7857142857142856,0.734857142857143,14.935064935064934,16.233766233766232,12.987012987012985,1.948051948051948,13.636363636363635,3.896103896103896,18.181818181818183,7.792207792207792,5.844155844155844,1.2987012987012987,1.2987012987012987,1.948051948051948
