all_freq_raw_mean,all_freq_log_mean,all_cd_raw_mean,all_cd_log_mean,all_concreteness_m_mean,all_concreteness_sd_mean,all_mean_cos_mean,all_SemD_mean,all_BNC_wordcount_mean,all_BNC_contexts_mean,all_BNC_freq_mean,all_lg_BNC_freq_mean,all_phonemes_mean,content_freq_raw_mean,content_freq_log_mean,content_cd_raw_mean,content_cd_log_mean,content_concreteness_m_mean,content_concreteness_sd_mean,content_mean_cos_mean,content_SemD_mean,content_BNC_wordcount_mean,content_BNC_contexts_mean,content_BNC_freq_mean,content_lg_BNC_freq_mean,content_phonemes_mean,noun_freq_raw_mean,noun_freq_log_mean,noun_cd_raw_mean,noun_cd_log_mean,noun_concreteness_m_mean,noun_concreteness_sd_mean,noun_mean_cos_mean,noun_SemD_mean,noun_BNC_wordcount_mean,noun_BNC_contexts_mean,noun_BNC_freq_mean,noun_lg_BNC_freq_mean,noun_phonemes_mean,mattr,POS_PRON_per100,POS_DET_per100,POS_NOUN_per100,POS_CCONJ_per100,POS_AUX_per100,POS_VERB_per100,POS_PART_per100,POS_ADP_per100,POS_ADJ_per100,POS_SCONJ_per100
9163.013181818184,4.8255977272727275,73.48022727272726,3.62714696969697,2.7348387096774194,1.0074999999999998,0.011366962571875,2.0729687500000002,1412109.34375,46908.2421875,16231.143750000001,3.065078125,3.0454545454545454,686.7560317460317,3.784604761904762,45.54968253968254,3.3082222222222217,3.981272727272727,0.806727272727273,0.020968385911111116,1.7777777777777775,30211.492063492064,11201.222222222223,347.2555555555555,1.8593650793650796,4.095238095238095,165.73916666666668,3.434572222222222,29.114999999999995,3.098811111111111,4.764666666666667,0.40233333333333327,0.028438868536111113,1.5819444444444444,9269.0,4937.75,106.53611111111111,1.5205555555555557,3.8333333333333335,0.5775903614457832,2.272727272727273,22.727272727272727,27.27272727272727,3.0303030303030303,9.848484848484848,14.393939393939394,3.0303030303030303,9.848484848484848,6.0606060606060606,1.5151515151515151
