all_freq_raw_mean,all_freq_log_mean,all_cd_raw_mean,all_cd_log_mean,all_concreteness_m_mean,all_concreteness_sd_mean,all_mean_cos_mean,all_SemD_mean,all_BNC_wordcount_mean,all_BNC_contexts_mean,all_BNC_freq_mean,all_lg_BNC_freq_mean,all_phonemes_mean,content_freq_raw_mean,content_freq_log_mean,content_cd_raw_mean,content_cd_log_mean,content_concreteness_m_mean,content_concreteness_sd_mean,content_mean_cos_mean,content_SemD_mean,content_BNC_wordcount_mean,content_BNC_contexts_mean,content_BNC_freq_mean,content_lg_BNC_freq_mean,content_phonemes_mean,noun_freq_raw_mean,noun_freq_log_mean,noun_cd_raw_mean,noun_cd_log_mean,noun_concreteness_m_mean,noun_concreteness_sd_mean,noun_mean_cos_mean,noun_SemD_mean,noun_BNC_wordcount_mean,noun_BNC_contexts_mean,noun_BNC_freq_mean,noun_lg_BNC_freq_mean,noun_phonemes_mean,mattr,POS_CCONJ_per100,POS_PRON_per100,POS_DET_per100,POS_NOUN_per100,POS_VERB_per100,POS_AUX_per100,POS_ADP_per100,POS_PART_per100
9481.613333333333,5.07283148148148,81.59277777777777,3.721659259259259,2.4337254901960783,1.1584313725490196,0.009416225413207548,2.143018867924529,1317032.5471698113,55122.28301886792,15138.307547169812,3.2720754716981135,2.962962962962963,528.2188888888888,3.787944444444444,45.77000000000001,3.3219722222222225,3.9033333333333333,1.03,0.021786335050000005,1.7494444444444441,15167.5,9414.722222222223,174.3388888888889,1.7733333333333334,4.111111111111111,253.9216666666667,3.535908333333334,35.314166666666665,3.160133333333333,4.4,0.7822222222222223,0.028007831941666672,1.6033333333333335,9033.0,5045.416666666667,103.825,1.549166666666667,4.0,0.604,9.25925925925926,12.962962962962962,14.814814814814813,22.22222222222222,11.11111111111111,14.814814814814813,11.11111111111111,3.7037037037037033
