all_freq_raw_mean,all_freq_log_mean,all_cd_raw_mean,all_cd_log_mean,all_concreteness_m_mean,all_concreteness_sd_mean,all_mean_cos_mean,all_SemD_mean,all_BNC_wordcount_mean,all_BNC_contexts_mean,all_BNC_freq_mean,all_lg_BNC_freq_mean,all_phonemes_mean,content_freq_raw_mean,content_freq_log_mean,content_cd_raw_mean,content_cd_log_mean,content_concreteness_m_mean,content_concreteness_sd_mean,content_mean_cos_mean,content_SemD_mean,content_BNC_wordcount_mean,content_BNC_contexts_mean,content_BNC_freq_mean,content_lg_BNC_freq_mean,content_phonemes_mean,noun_freq_raw_mean,noun_freq_log_mean,noun_cd_raw_mean,noun_cd_log_mean,noun_concreteness_m_mean,noun_concreteness_sd_mean,noun_mean_cos_mean,noun_SemD_mean,noun_BNC_wordcount_mean,noun_BNC_contexts_mean,noun_BNC_freq_mean,noun_lg_BNC_freq_mean,noun_phonemes_mean,mattr,POS_CCONJ_per100,POS_PRON_per100,POS_VERB_per100,POS_PART_per100,POS_ADP_per100,POS_DET_per100,POS_NOUN_per100,POS_AUX_per100,POS_ADV_per100,POS_INTJ_per100,POS_ADJ_per100,POS_NUM_per100
8533.054509803924,4.972404901960784,81.11500000000001,3.7207735294117645,2.5990625,1.2214583333333333,0.010417298093939393,2.1032323232323233,824628.8686868687,47597.85858585859,9478.4898989899,3.048787878787879,3.0686274509803924,920.9853658536585,4.010775609756098,55.818780487804894,3.431948780487805,3.273142857142857,1.2005714285714286,0.0159019735525,1.9090000000000003,30572.3,17024.325,351.39750000000004,2.05775,3.902439024390244,278.491875,3.6637125000000004,39.0975,3.26376875,4.212727272727273,0.9836363636363636,0.025061467746666666,1.676,13226.866666666667,8217.466666666667,152.02,1.6786666666666668,3.9375,0.7045283018867928,3.9215686274509802,16.666666666666664,18.627450980392158,3.9215686274509802,7.8431372549019605,11.76470588235294,15.686274509803921,11.76470588235294,1.9607843137254901,2.941176470588235,3.9215686274509802,0.9803921568627451
