all_freq_raw_mean,all_freq_log_mean,all_cd_raw_mean,all_cd_log_mean,all_concreteness_m_mean,all_concreteness_sd_mean,all_mean_cos_mean,all_SemD_mean,all_BNC_wordcount_mean,all_BNC_contexts_mean,all_BNC_freq_mean,all_lg_BNC_freq_mean,all_phonemes_mean,content_freq_raw_mean,content_freq_log_mean,content_cd_raw_mean,content_cd_log_mean,content_concreteness_m_mean,content_concreteness_sd_mean,content_mean_cos_mean,content_SemD_mean,content_BNC_wordcount_mean,content_BNC_contexts_mean,content_BNC_freq_mean,content_lg_BNC_freq_mean,content_phonemes_mean,noun_freq_raw_mean,noun_freq_log_mean,noun_cd_raw_mean,noun_cd_log_mean,noun_concreteness_m_mean,noun_concreteness_sd_mean,noun_mean_cos_mean,noun_SemD_mean,noun_BNC_wordcount_mean,noun_BNC_contexts_mean,noun_BNC_freq_mean,noun_lg_BNC_freq_mean,noun_phonemes_mean,mattr,POS_VERB_per100,POS_PRON_per100,POS_DET_per100,POS_NOUN_per100,POS_ADP_per100,POS_ADV_per100,POS_ADJ_per100,POS_AUX_per100,POS_CCONJ_per100,POS_INTJ_per100
6917.6625274725275,4.781054945054945,74.48417582417582,3.642562637362638,2.7174418604651156,1.223953488372093,0.010220897270930231,2.094767441860465,787502.3488372093,43577.87209302326,9051.745348837208,2.957790697674419,3.21978021978022,968.2583720930232,3.939232558139535,50.86116279069767,3.3877627906976744,3.255609756097561,1.1651219512195123,0.013287085233333332,1.9638095238095237,39629.119047619046,18405.619047619046,455.4976190476191,2.1966666666666668,4.255813953488372,167.87117647058824,3.5957,33.847647058823526,3.2769411764705887,3.996875,0.93,0.0180926284,1.8323529411764707,14643.35294117647,9010.941176470587,168.30588235294118,1.96,4.294117647058823,0.7885714285714287,17.582417582417584,13.186813186813188,13.186813186813188,18.681318681318682,9.89010989010989,6.593406593406594,4.395604395604396,6.593406593406594,5.4945054945054945,4.395604395604396
