all_freq_raw_mean,all_freq_log_mean,all_cd_raw_mean,all_cd_log_mean,all_concreteness_m_mean,all_concreteness_sd_mean,all_mean_cos_mean,all_SemD_mean,all_BNC_wordcount_mean,all_BNC_contexts_mean,all_BNC_freq_mean,all_lg_BNC_freq_mean,all_phonemes_mean,content_freq_raw_mean,content_freq_log_mean,content_cd_raw_mean,content_cd_log_mean,content_concreteness_m_mean,content_concreteness_sd_mean,content_mean_cos_mean,content_SemD_mean,content_BNC_wordcount_mean,content_BNC_contexts_mean,content_BNC_freq_mean,content_lg_BNC_freq_mean,content_phonemes_mean,noun_freq_raw_mean,noun_freq_log_mean,noun_cd_raw_mean,noun_cd_log_mean,noun_concreteness_m_mean,noun_concreteness_sd_mean,noun_mean_cos_mean,noun_SemD_mean,noun_BNC_wordcount_mean,noun_BNC_contexts_mean,noun_BNC_freq_mean,noun_lg_BNC_freq_mean,noun_phonemes_mean,mattr,POS_PRON_per100,POS_VERB_per100,POS_SCONJ_per100,POS_PART_per100,POS_DET_per100,POS_NOUN_per100,POS_ADP_per100,POS_CCONJ_per100,POS_ADV_per100,POS_INTJ_per100,POS_ADJ_per100,POS_AUX_per100,POS_NUM_per100
9423.704680851064,4.9549475177304965,79.01709219858158,3.6800234042553197,2.770948905109489,1.125839416058394,0.009970410983206108,2.107633587786259,924615.2748091603,48536.03053435114,10627.759541984731,3.0657251908396943,3.0354609929078014,1092.4426315789474,3.917514035087719,51.875614035087715,3.3417807017543857,3.7113207547169815,0.9777358490566038,0.01625254259122807,1.8912280701754387,47023.45614035088,19387.22807017544,540.4947368421052,2.0796491228070173,4.0,200.0022222222222,3.3139555555555558,29.855925925925927,3.0079518518518515,4.662307692307691,0.6607692307692308,0.024495742388888884,1.6685185185185185,10381.666666666666,6421.962962962963,119.31851851851854,1.5962962962962965,4.0,0.6286956521739129,13.47517730496454,14.893617021276595,0.7092198581560284,2.127659574468085,16.312056737588655,19.148936170212767,12.76595744680851,6.382978723404255,4.25531914893617,1.4184397163120568,2.127659574468085,4.964539007092199,1.4184397163120568
