all_freq_raw_mean,all_freq_log_mean,all_cd_raw_mean,all_cd_log_mean,all_concreteness_m_mean,all_concreteness_sd_mean,all_mean_cos_mean,all_SemD_mean,all_BNC_wordcount_mean,all_BNC_contexts_mean,all_BNC_freq_mean,all_lg_BNC_freq_mean,all_phonemes_mean,content_freq_raw_mean,content_freq_log_mean,content_cd_raw_mean,content_cd_log_mean,content_concreteness_m_mean,content_concreteness_sd_mean,content_mean_cos_mean,content_SemD_mean,content_BNC_wordcount_mean,content_BNC_contexts_mean,content_BNC_freq_mean,content_lg_BNC_freq_mean,content_phonemes_mean,noun_freq_raw_mean,noun_freq_log_mean,noun_cd_raw_mean,noun_cd_log_mean,noun_concreteness_m_mean,noun_concreteness_sd_mean,noun_mean_cos_mean,noun_SemD_mean,noun_BNC_wordcount_mean,noun_BNC_contexts_mean,noun_BNC_freq_mean,noun_lg_BNC_freq_mean,noun_phonemes_mean,mattr,POS_VERB_per100,POS_PRON_per100,POS_ADP_per100,POS_INTJ_per100,POS_DET_per100,POS_NOUN_per100,POS_AUX_per100,POS_ADJ_per100,POS_PART_per100,POS_CCONJ_per100,POS_ADV_per100,POS_SCONJ_per100,POS_X_per100
7399.409823008851,4.7787743362831865,74.46274336283187,3.649424778761062,2.833627450980392,1.1801960784313723,0.012182421195535715,2.0642857142857145,953744.5892857143,44246.5625,10962.576785714287,2.9212499999999997,3.081081081081081,779.7460377358491,3.8993264150943405,50.19660377358492,3.376041509433963,3.6068888888888897,1.032888888888889,0.019773931315094345,1.842641509433962,32889.24528301887,16121.018867924528,378.02641509433965,1.9250943396226414,3.943396226415094,224.17576923076922,3.4110346153846156,28.46192307692307,3.075853846153846,4.534736842105263,0.6647368421052632,0.028451155953846154,1.6415384615384616,14809.846153846154,8071.346153846154,170.2076923076923,1.4503846153846154,3.9615384615384617,0.7953846153846154,18.421052631578945,14.035087719298245,12.280701754385964,1.7543859649122806,13.157894736842104,23.684210526315788,6.140350877192982,2.631578947368421,2.631578947368421,0.8771929824561403,2.631578947368421,0.8771929824561403,0.8771929824561403
