all_freq_raw_mean,all_freq_log_mean,all_cd_raw_mean,all_cd_log_mean,all_concreteness_m_mean,all_concreteness_sd_mean,all_mean_cos_mean,all_SemD_mean,all_BNC_wordcount_mean,all_BNC_contexts_mean,all_BNC_freq_mean,all_lg_BNC_freq_mean,all_phonemes_mean,content_freq_raw_mean,content_freq_log_mean,content_cd_raw_mean,content_cd_log_mean,content_concreteness_m_mean,content_concreteness_sd_mean,content_mean_cos_mean,content_SemD_mean,content_BNC_wordcount_mean,content_BNC_contexts_mean,content_BNC_freq_mean,content_lg_BNC_freq_mean,content_phonemes_mean,noun_freq_raw_mean,noun_freq_log_mean,noun_cd_raw_mean,noun_cd_log_mean,noun_concreteness_m_mean,noun_concreteness_sd_mean,noun_mean_cos_mean,noun_SemD_mean,noun_BNC_wordcount_mean,noun_BNC_contexts_mean,noun_BNC_freq_mean,noun_lg_BNC_freq_mean,noun_phonemes_mean,mattr,POS_PRON_per100,POS_VERB_per100,POS_PART_per100,POS_ADV_per100,POS_SCONJ_per100,POS_DET_per100,POS_NOUN_per100,POS_CCONJ_per100,POS_ADP_per100,POS_AUX_per100,POS_ADJ_per100
9892.024893617023,5.026029787234043,81.15755319148937,3.749420212765957,2.7253333333333334,1.1544444444444446,0.008690845755681818,2.1207954545454544,1012087.9886363636,46499.693181818184,11633.192045454545,3.0823863636363638,3.148936170212766,1151.6337209302326,4.186048837209302,59.7739534883721,3.5470767441860462,3.3828205128205124,1.0610256410256413,0.014237413918604653,1.932790697674419,34608.441860465115,17836.302325581397,397.7953488372093,2.153953488372093,4.116279069767442,165.78799999999998,3.6362199999999993,34.03850000000001,3.28775,4.438124999999999,0.746875,0.020596663529999996,1.7429999999999999,10527.6,6643.65,121.00999999999999,1.6649999999999998,4.7,0.723111111111111,15.957446808510639,19.148936170212767,3.1914893617021276,4.25531914893617,1.0638297872340425,14.893617021276595,21.27659574468085,5.319148936170213,8.51063829787234,5.319148936170213,1.0638297872340425
