all_freq_raw_mean,all_freq_log_mean,all_cd_raw_mean,all_cd_log_mean,all_concreteness_m_mean,all_concreteness_sd_mean,all_mean_cos_mean,all_SemD_mean,all_BNC_wordcount_mean,all_BNC_contexts_mean,all_BNC_freq_mean,all_lg_BNC_freq_mean,all_phonemes_mean,content_freq_raw_mean,content_freq_log_mean,content_cd_raw_mean,content_cd_log_mean,content_concreteness_m_mean,content_concreteness_sd_mean,content_mean_cos_mean,content_SemD_mean,content_BNC_wordcount_mean,content_BNC_contexts_mean,content_BNC_freq_mean,content_lg_BNC_freq_mean,content_phonemes_mean,noun_freq_raw_mean,noun_freq_log_mean,noun_cd_raw_mean,noun_cd_log_mean,noun_concreteness_m_mean,noun_concreteness_sd_mean,noun_mean_cos_mean,noun_SemD_mean,noun_BNC_wordcount_mean,noun_BNC_contexts_mean,noun_BNC_freq_mean,noun_lg_BNC_freq_mean,noun_phonemes_mean,mattr,POS_DET_per100,POS_NOUN_per100,POS_PRON_per100,POS_VERB_per100,POS_ADP_per100,POS_ADV_per100,POS_CCONJ_per100,POS_AUX_per100,POS_ADJ_per100,POS_SCONJ_per100,POS_INTJ_per100,POS_PART_per100
10218.192601626013,5.058511382113822,80.34439024390242,3.735914634146342,2.845573770491803,1.1357377049180328,0.010081068894017097,2.09974358974359,1060475.8547008547,48281.57264957265,12189.374358974359,3.123076923076923,2.9186991869918697,748.2204255319149,4.002602127659575,52.70021276595745,3.4578212765957446,3.7078260869565223,0.92,0.01700029343617021,1.8497872340425527,32997.063829787236,14590.978723404256,379.2723404255319,2.0289361702127664,3.7872340425531914,187.97240000000002,3.657167999999999,34.220800000000004,3.2906560000000002,4.5596,0.5868000000000001,0.023064537852000005,1.6840000000000002,12191.12,6299.12,140.128,1.7056,3.92,0.7302702702702702,17.073170731707318,20.32520325203252,17.073170731707318,13.821138211382115,12.195121951219512,1.6260162601626018,4.878048780487805,4.878048780487805,2.4390243902439024,2.4390243902439024,2.4390243902439024,0.8130081300813009
