all_freq_raw_mean,all_freq_log_mean,all_cd_raw_mean,all_cd_log_mean,all_concreteness_m_mean,all_concreteness_sd_mean,all_mean_cos_mean,all_SemD_mean,all_BNC_wordcount_mean,all_BNC_contexts_mean,all_BNC_freq_mean,all_lg_BNC_freq_mean,all_phonemes_mean,content_freq_raw_mean,content_freq_log_mean,content_cd_raw_mean,content_cd_log_mean,content_concreteness_m_mean,content_concreteness_sd_mean,content_mean_cos_mean,content_SemD_mean,content_BNC_wordcount_mean,content_BNC_contexts_mean,content_BNC_freq_mean,content_lg_BNC_freq_mean,content_phonemes_mean,noun_freq_raw_mean,noun_freq_log_mean,noun_cd_raw_mean,noun_cd_log_mean,noun_concreteness_m_mean,noun_concreteness_sd_mean,noun_mean_cos_mean,noun_SemD_mean,noun_BNC_wordcount_mean,noun_BNC_contexts_mean,noun_BNC_freq_mean,noun_lg_BNC_freq_mean,noun_phonemes_mean,mattr,POS_PRON_per100,POS_VERB_per100,POS_ADP_per100,POS_DET_per100,POS_NOUN_per100,POS_ADV_per100,POS_CCONJ_per100,POS_AUX_per100,POS_PART_per100,POS_INTJ_per100
10584.094545454545,5.064437878787879,82.00469696969697,3.7221272727272727,2.7280645161290322,1.2156451612903225,0.009624916075000002,2.114375000000001,1039526.3125,49153.359375,11948.575,3.2145312500000003,3.0153846153846153,877.691304347826,4.0400086956521735,56.30217391304348,3.454,3.496999999999999,1.0665,0.015801675990909092,1.8859090909090908,36783.318181818184,16253.681818181818,422.79545454545456,2.177272727272727,3.8636363636363638,230.49624999999997,3.6534,37.47125,3.2768875,4.752857142857143,0.637142857142857,0.025226597837500003,1.6400000000000001,8373.75,5141.875,96.25,1.79625,3.875,0.7364705882352942,27.27272727272727,19.696969696969695,12.121212121212121,12.121212121212121,12.121212121212121,3.0303030303030303,6.0606060606060606,3.0303030303030303,3.0303030303030303,1.5151515151515151
