all_freq_raw_mean,all_freq_log_mean,all_cd_raw_mean,all_cd_log_mean,all_concreteness_m_mean,all_concreteness_sd_mean,all_mean_cos_mean,all_SemD_mean,all_BNC_wordcount_mean,all_BNC_contexts_mean,all_BNC_freq_mean,all_lg_BNC_freq_mean,all_phonemes_mean,content_freq_raw_mean,content_freq_log_mean,content_cd_raw_mean,content_cd_log_mean,content_concreteness_m_mean,content_concreteness_sd_mean,content_mean_cos_mean,content_SemD_mean,content_BNC_wordcount_mean,content_BNC_contexts_mean,content_BNC_freq_mean,content_lg_BNC_freq_mean,content_phonemes_mean,noun_freq_raw_mean,noun_freq_log_mean,noun_cd_raw_mean,noun_cd_log_mean,noun_concreteness_m_mean,noun_concreteness_sd_mean,noun_mean_cos_mean,noun_SemD_mean,noun_BNC_wordcount_mean,noun_BNC_contexts_mean,noun_BNC_freq_mean,noun_lg_BNC_freq_mean,noun_phonemes_mean,mattr,POS_PRON_per100,POS_VERB_per100,POS_PART_per100,POS_ADP_per100,POS_DET_per100,POS_NOUN_per100,POS_ADV_per100,POS_AUX_per100
8778.513333333334,4.8738439393939395,75.22984848484849,3.7080303030303026,3.0036666666666667,1.1909999999999998,0.0113958173,2.02734375,696185.015625,38967.84375,8002.125,2.92734375,3.0606060606060606,918.6920588235295,4.0850970588235285,53.33029411764706,3.511535294117647,3.5014285714285713,1.1078571428571429,0.017126577667647056,1.8376470588235294,27729.441176470587,14429.411764705883,318.72352941176473,2.164705882352941,3.764705882352941,159.6564705882353,3.654994117647059,33.68705882352941,3.302870588235294,4.4025,0.9316666666666666,0.02234908516470588,1.6958823529411766,11680.70588235294,7163.64705882353,134.25882352941176,1.9405882352941173,4.0,0.7658823529411765,19.696969696969695,22.727272727272727,3.0303030303030303,9.090909090909092,10.606060606060606,25.757575757575758,3.0303030303030303,6.0606060606060606
