all_freq_raw_mean,all_freq_log_mean,all_cd_raw_mean,all_cd_log_mean,all_concreteness_m_mean,all_concreteness_sd_mean,all_mean_cos_mean,all_SemD_mean,all_BNC_wordcount_mean,all_BNC_contexts_mean,all_BNC_freq_mean,all_lg_BNC_freq_mean,all_phonemes_mean,content_freq_raw_mean,content_freq_log_mean,content_cd_raw_mean,content_cd_log_mean,content_concreteness_m_mean,content_concreteness_sd_mean,content_mean_cos_mean,content_SemD_mean,content_BNC_wordcount_mean,content_BNC_contexts_mean,content_BNC_freq_mean,content_lg_BNC_freq_mean,content_phonemes_mean,noun_freq_raw_mean,noun_freq_log_mean,noun_cd_raw_mean,noun_cd_log_mean,noun_concreteness_m_mean,noun_concreteness_sd_mean,noun_mean_cos_mean,noun_SemD_mean,noun_BNC_wordcount_mean,noun_BNC_contexts_mean,noun_BNC_freq_mean,noun_lg_BNC_freq_mean,noun_phonemes_mean,mattr,POS_INTJ_per100,POS_PRON_per100,POS_ADP_per100,POS_DET_per100,POS_NOUN_per100,POS_VERB_per100,POS_ADJ_per100,POS_CCONJ_per100,POS_AUX_per100,POS_PART_per100,POS_ADV_per100,POS_NUM_per100
8788.285963302751,4.881975229357799,76.72477064220183,3.632689908256881,2.6328846153846146,1.1490384615384612,0.010899798514999998,2.0878,916308.32,47753.31,10532.276000000002,3.0152000000000005,2.9174311926605503,806.759024390244,3.701021951219512,43.97390243902439,3.217456097560976,3.466756756756757,0.9613513513513514,0.01857159154390244,1.8312195121951222,42546.829268292684,13763.463414634147,489.04146341463417,1.892926829268293,4.048780487804878,113.135,3.22375625,21.2375,2.926425,4.537857142857143,0.5528571428571428,0.028163786325000002,1.5881250000000002,5954.9375,3252.375,68.4375,1.394375,4.0625,0.6783333333333333,1.834862385321101,16.51376146788991,11.926605504587156,11.009174311926607,14.678899082568808,17.431192660550458,2.7522935779816518,6.422018348623854,10.091743119266056,3.669724770642202,2.7522935779816518,0.9174311926605505
