all_freq_raw_mean,all_freq_log_mean,all_cd_raw_mean,all_cd_log_mean,all_concreteness_m_mean,all_concreteness_sd_mean,all_mean_cos_mean,all_SemD_mean,all_BNC_wordcount_mean,all_BNC_contexts_mean,all_BNC_freq_mean,all_lg_BNC_freq_mean,all_phonemes_mean,content_freq_raw_mean,content_freq_log_mean,content_cd_raw_mean,content_cd_log_mean,content_concreteness_m_mean,content_concreteness_sd_mean,content_mean_cos_mean,content_SemD_mean,content_BNC_wordcount_mean,content_BNC_contexts_mean,content_BNC_freq_mean,content_lg_BNC_freq_mean,content_phonemes_mean,noun_freq_raw_mean,noun_freq_log_mean,noun_cd_raw_mean,noun_cd_log_mean,noun_concreteness_m_mean,noun_concreteness_sd_mean,noun_mean_cos_mean,noun_SemD_mean,noun_BNC_wordcount_mean,noun_BNC_contexts_mean,noun_BNC_freq_mean,noun_lg_BNC_freq_mean,noun_phonemes_mean,mattr,POS_VERB_per100,POS_PRON_per100,POS_ADP_per100,POS_DET_per100,POS_NOUN_per100,POS_AUX_per100,POS_ADV_per100,POS_CCONJ_per100,POS_INTJ_per100,POS_ADJ_per100
7996.266888888889,4.810882222222221,74.7382222222222,3.611413333333333,2.760697674418605,1.1711627906976745,0.012534272711111112,2.0444444444444443,818275.0444444445,43602.64444444444,9405.44888888889,2.950444444444444,3.311111111111111,741.8609523809524,3.775585714285715,48.07666666666667,3.2650523809523806,3.2152631578947366,1.0010526315789474,0.018914919914285715,1.8442857142857145,30810.809523809523,15549.0,354.1333333333333,1.9300000000000004,4.142857142857143,81.41624999999999,3.3240499999999997,22.12375,3.0597624999999997,4.806666666666667,0.4716666666666667,0.028205016775,1.62875,8226.625,4637.125,94.55,1.535,4.375,0.6444444444444445,17.77777777777778,20.0,11.11111111111111,11.11111111111111,17.77777777777778,2.2222222222222223,8.88888888888889,6.666666666666667,2.2222222222222223,2.2222222222222223
