all_freq_raw_mean,all_freq_log_mean,all_cd_raw_mean,all_cd_log_mean,all_concreteness_m_mean,all_concreteness_sd_mean,all_mean_cos_mean,all_SemD_mean,all_BNC_wordcount_mean,all_BNC_contexts_mean,all_BNC_freq_mean,all_lg_BNC_freq_mean,all_phonemes_mean,content_freq_raw_mean,content_freq_log_mean,content_cd_raw_mean,content_cd_log_mean,content_concreteness_m_mean,content_concreteness_sd_mean,content_mean_cos_mean,content_SemD_mean,content_BNC_wordcount_mean,content_BNC_contexts_mean,content_BNC_freq_mean,content_lg_BNC_freq_mean,content_phonemes_mean,noun_freq_raw_mean,noun_freq_log_mean,noun_cd_raw_mean,noun_cd_log_mean,noun_concreteness_m_mean,noun_concreteness_sd_mean,noun_mean_cos_mean,noun_SemD_mean,noun_BNC_wordcount_mean,noun_BNC_contexts_mean,noun_BNC_freq_mean,noun_lg_BNC_freq_mean,noun_phonemes_mean,mattr,POS_INTJ_per100,POS_PROPN_per100,POS_CCONJ_per100,POS_VERB_per100,POS_PRON_per100,POS_ADV_per100,POS_ADP_per100,POS_NOUN_per100,POS_DET_per100,POS_ADJ_per100,POS_AUX_per100,POS_NUM_per100,POS_PART_per100
7357.050701754386,4.651014035087719,70.16771929824561,3.565019298245614,3.017547169811321,1.1024528301886793,0.013604556498148148,2.0000000000000004,674860.3888888889,37237.75925925926,7757.016666666667,2.656481481481481,3.245614035087719,670.8503846153848,3.6605615384615384,42.926923076923075,3.18643076923077,3.932272727272728,0.8622727272727272,0.020587810511538462,1.785769230769231,26107.30769230769,12291.5,300.0769230769231,1.78,4.0,128.57357142857143,3.12155,19.08642857142857,2.8480642857142855,4.743333333333333,0.45,0.0285170948,1.5692857142857144,5005.0,2887.8571428571427,57.52142857142858,1.2514285714285713,3.642857142857143,0.735,5.263157894736842,1.7543859649122806,3.508771929824561,15.789473684210526,15.789473684210526,1.7543859649122806,8.771929824561402,24.561403508771928,12.280701754385964,3.508771929824561,3.508771929824561,1.7543859649122806,1.7543859649122806
