all_freq_raw_mean,all_freq_log_mean,all_cd_raw_mean,all_cd_log_mean,all_concreteness_m_mean,all_concreteness_sd_mean,all_mean_cos_mean,all_SemD_mean,all_BNC_wordcount_mean,all_BNC_contexts_mean,all_BNC_freq_mean,all_lg_BNC_freq_mean,all_phonemes_mean,content_freq_raw_mean,content_freq_log_mean,content_cd_raw_mean,content_cd_log_mean,content_concreteness_m_mean,content_concreteness_sd_mean,content_mean_cos_mean,content_SemD_mean,content_BNC_wordcount_mean,content_BNC_contexts_mean,content_BNC_freq_mean,content_lg_BNC_freq_mean,content_phonemes_mean,noun_freq_raw_mean,noun_freq_log_mean,noun_cd_raw_mean,noun_cd_log_mean,noun_concreteness_m_mean,noun_concreteness_sd_mean,noun_mean_cos_mean,noun_SemD_mean,noun_BNC_wordcount_mean,noun_BNC_contexts_mean,noun_BNC_freq_mean,noun_lg_BNC_freq_mean,noun_phonemes_mean,mattr,POS_PRON_per100,POS_VERB_per100,POS_PART_per100,POS_ADP_per100,POS_DET_per100,POS_NOUN_per100,POS_AUX_per100,POS_ADV_per100,POS_INTJ_per100,POS_CCONJ_per100,POS_SCONJ_per100,POS_ADJ_per100
9908.975238095238,5.093651428571429,83.99923809523808,3.771461904761905,2.835686274509804,1.2031372549019608,0.010366374081818184,2.0761616161616163,726776.6262626263,43895.41414141414,8353.750505050504,3.0447474747474748,2.9523809523809526,1184.8414285714284,4.227547619047619,62.74380952380953,3.5560666666666654,3.168461538461538,1.1133333333333333,0.015860123540476192,1.8926190476190474,33729.30952380953,16988.714285714286,387.6928571428571,2.140714285714285,3.880952380952381,197.385,3.634866666666666,33.95333333333333,3.237341666666666,4.7219999999999995,0.51,0.027699856291666672,1.5958333333333334,11400.166666666666,5674.916666666667,131.04166666666666,1.6358333333333335,4.416666666666667,0.7264285714285715,29.523809523809526,20.952380952380953,2.857142857142857,6.666666666666667,7.6190476190476195,11.428571428571429,7.6190476190476195,6.666666666666667,3.8095238095238098,0.9523809523809524,0.9523809523809524,0.9523809523809524
