all_freq_raw_mean,all_freq_log_mean,all_cd_raw_mean,all_cd_log_mean,all_concreteness_m_mean,all_concreteness_sd_mean,all_mean_cos_mean,all_SemD_mean,all_BNC_wordcount_mean,all_BNC_contexts_mean,all_BNC_freq_mean,all_lg_BNC_freq_mean,all_phonemes_mean,content_freq_raw_mean,content_freq_log_mean,content_cd_raw_mean,content_cd_log_mean,content_concreteness_m_mean,content_concreteness_sd_mean,content_mean_cos_mean,content_SemD_mean,content_BNC_wordcount_mean,content_BNC_contexts_mean,content_BNC_freq_mean,content_lg_BNC_freq_mean,content_phonemes_mean,noun_freq_raw_mean,noun_freq_log_mean,noun_cd_raw_mean,noun_cd_log_mean,noun_concreteness_m_mean,noun_concreteness_sd_mean,noun_mean_cos_mean,noun_SemD_mean,noun_BNC_wordcount_mean,noun_BNC_contexts_mean,noun_BNC_freq_mean,noun_lg_BNC_freq_mean,noun_phonemes_mean,mattr,POS_INTJ_per100,POS_VERB_per100,POS_ADP_per100,POS_DET_per100,POS_NOUN_per100,POS_ADJ_per100,POS_PRON_per100,POS_PROPN_per100,POS_CCONJ_per100,POS_ADV_per100,POS_AUX_per100,POS_PART_per100
8619.098095238096,4.9148773809523805,77.87357142857144,3.6786297619047623,2.830493827160494,1.1086419753086418,0.013427433644155846,2.013636363636364,821173.2207792208,40717.74025974026,9438.768831168834,2.8310389610389612,3.011904761904762,996.4518421052632,4.031655263157894,57.03815789473685,3.432234210526316,3.6865714285714284,0.942,0.017541238202631575,1.8623684210526315,33731.86842105263,16779.842105263157,387.7210526315789,2.091842105263158,3.8157894736842106,199.77789473684211,3.406852631578947,32.48842105263158,3.0744947368421047,4.684117647058823,0.5694117647058823,0.02624157413157895,1.6289473684210527,8109.9473684210525,4660.1578947368425,93.21052631578947,1.583157894736842,4.157894736842105,0.7114285714285716,5.952380952380952,9.523809523809524,9.523809523809524,15.476190476190476,22.61904761904762,5.952380952380952,16.666666666666664,1.1904761904761905,2.380952380952381,7.142857142857142,1.1904761904761905,2.380952380952381
