all_freq_raw_mean,all_freq_log_mean,all_cd_raw_mean,all_cd_log_mean,all_concreteness_m_mean,all_concreteness_sd_mean,all_mean_cos_mean,all_SemD_mean,all_BNC_wordcount_mean,all_BNC_contexts_mean,all_BNC_freq_mean,all_lg_BNC_freq_mean,all_phonemes_mean,content_freq_raw_mean,content_freq_log_mean,content_cd_raw_mean,content_cd_log_mean,content_concreteness_m_mean,content_concreteness_sd_mean,content_mean_cos_mean,content_SemD_mean,content_BNC_wordcount_mean,content_BNC_contexts_mean,content_BNC_freq_mean,content_lg_BNC_freq_mean,content_phonemes_mean,noun_freq_raw_mean,noun_freq_log_mean,noun_cd_raw_mean,noun_cd_log_mean,noun_concreteness_m_mean,noun_concreteness_sd_mean,noun_mean_cos_mean,noun_SemD_mean,noun_BNC_wordcount_mean,noun_BNC_contexts_mean,noun_BNC_freq_mean,noun_lg_BNC_freq_mean,noun_phonemes_mean,mattr,POS_INTJ_per100,POS_AUX_per100,POS_PRON_per100,POS_VERB_per100,POS_ADV_per100,POS_DET_per100,POS_NOUN_per100,POS_ADP_per100,POS_CCONJ_per100,POS_PART_per100,POS_ADJ_per100,POS_PUNCT_per100,POS_SCONJ_per100
7955.402000000001,5.039607826086956,84.63869565217391,3.742346086956522,2.6646363636363644,1.2023636363636363,0.011648315644642858,2.059107142857143,767264.8839285715,44638.205357142855,8819.139285714284,2.9910714285714293,2.893805309734513,1602.354651162791,4.285011627906976,68.12348837209302,3.5178279069767444,3.163414634146342,1.1212195121951218,0.016291585720930233,1.896046511627907,40387.232558139534,20288.372093023256,464.2255813953488,2.181627906976744,3.5348837209302326,656.6490909090909,3.4202,33.192727272727275,2.9697727272727277,4.709999999999999,0.4839999999999999,0.026981873863636364,1.6636363636363638,47108.90909090909,15644.636363636364,541.4636363636364,1.5254545454545456,3.5454545454545454,0.6863636363636363,8.695652173913043,8.695652173913043,20.869565217391305,16.52173913043478,9.565217391304348,9.565217391304348,9.565217391304348,7.82608695652174,3.4782608695652173,1.7391304347826086,1.7391304347826086,0.8695652173913043,0.8695652173913043
