all_freq_raw_mean,all_freq_log_mean,all_cd_raw_mean,all_cd_log_mean,all_concreteness_m_mean,all_concreteness_sd_mean,all_mean_cos_mean,all_SemD_mean,all_BNC_wordcount_mean,all_BNC_contexts_mean,all_BNC_freq_mean,all_lg_BNC_freq_mean,all_phonemes_mean,content_freq_raw_mean,content_freq_log_mean,content_cd_raw_mean,content_cd_log_mean,content_concreteness_m_mean,content_concreteness_sd_mean,content_mean_cos_mean,content_SemD_mean,content_BNC_wordcount_mean,content_BNC_contexts_mean,content_BNC_freq_mean,content_lg_BNC_freq_mean,content_phonemes_mean,noun_freq_raw_mean,noun_freq_log_mean,noun_cd_raw_mean,noun_cd_log_mean,noun_concreteness_m_mean,noun_concreteness_sd_mean,noun_mean_cos_mean,noun_SemD_mean,noun_BNC_wordcount_mean,noun_BNC_contexts_mean,noun_BNC_freq_mean,noun_lg_BNC_freq_mean,noun_phonemes_mean,mattr,POS_NOUN_per100,POS_PRON_per100,POS_VERB_per100,POS_DET_per100,POS_ADP_per100,POS_INTJ_per100,POS_CCONJ_per100,POS_ADV_per100,POS_AUX_per100,POS_ADJ_per100
6807.233484848484,5.115730303030303,88.74257575757576,3.852227272727273,2.7473437499999993,1.27484375,0.008272626184126983,2.133492063492064,679489.2063492064,46807.39682539683,7810.220634920635,3.1761904761904765,3.121212121212121,1155.5496428571428,4.486571428571429,76.03285714285713,3.7673499999999995,3.198076923076923,1.261923076923077,0.010145339049999999,2.0421428571428573,56590.28571428572,25396.321428571428,650.4678571428573,2.5317857142857143,4.0,337.12222222222226,4.113288888888889,58.21111111111111,3.645422222222222,4.13,1.0975,0.01244302842222222,1.9433333333333336,19033.444444444445,12253.777777777777,218.7888888888889,2.248888888888889,4.111111111111111,0.7047058823529411,13.636363636363635,24.242424242424242,18.181818181818183,9.090909090909092,13.636363636363635,3.0303030303030303,4.545454545454546,9.090909090909092,3.0303030303030303,1.5151515151515151
