all_freq_raw_mean,all_freq_log_mean,all_cd_raw_mean,all_cd_log_mean,all_concreteness_m_mean,all_concreteness_sd_mean,all_mean_cos_mean,all_SemD_mean,all_BNC_wordcount_mean,all_BNC_contexts_mean,all_BNC_freq_mean,all_lg_BNC_freq_mean,all_phonemes_mean,content_freq_raw_mean,content_freq_log_mean,content_cd_raw_mean,content_cd_log_mean,content_concreteness_m_mean,content_concreteness_sd_mean,content_mean_cos_mean,content_SemD_mean,content_BNC_wordcount_mean,content_BNC_contexts_mean,content_BNC_freq_mean,content_lg_BNC_freq_mean,content_phonemes_mean,noun_freq_raw_mean,noun_freq_log_mean,noun_cd_raw_mean,noun_cd_log_mean,noun_concreteness_m_mean,noun_concreteness_sd_mean,noun_mean_cos_mean,noun_SemD_mean,noun_BNC_wordcount_mean,noun_BNC_contexts_mean,noun_BNC_freq_mean,noun_lg_BNC_freq_mean,noun_phonemes_mean,mattr,POS_PRON_per100,POS_VERB_per100,POS_PART_per100,POS_ADP_per100,POS_DET_per100,POS_NOUN_per100,POS_INTJ_per100,POS_AUX_per100,POS_CCONJ_per100,POS_NUM_per100,POS_ADV_per100
9634.270555555555,4.980970833333333,78.99375,3.6959236111111107,2.883939393939394,1.2131818181818181,0.013062928761764707,2.013970588235294,845811.0294117647,42099.89705882353,9721.961764705882,2.9872058823529413,2.9027777777777777,734.0206896551725,3.8844965517241388,50.105862068965514,3.368724137931035,3.595652173913044,1.0891304347826085,0.0208624184862069,1.7775862068965518,18131.655172413793,11172.551724137931,208.40689655172415,1.9210344827586205,4.0,213.29166666666666,3.4340499999999996,33.924166666666665,3.087475,4.52625,0.72625,0.03033947979166667,1.5516666666666667,9185.666666666666,5148.666666666667,105.57499999999999,1.5616666666666668,3.8333333333333335,0.7139130434782607,20.833333333333336,22.22222222222222,2.7777777777777777,8.333333333333332,11.11111111111111,16.666666666666664,4.166666666666666,5.555555555555555,4.166666666666666,2.7777777777777777,1.3888888888888888
