all_freq_raw_mean,all_freq_log_mean,all_cd_raw_mean,all_cd_log_mean,all_concreteness_m_mean,all_concreteness_sd_mean,all_mean_cos_mean,all_SemD_mean,all_BNC_wordcount_mean,all_BNC_contexts_mean,all_BNC_freq_mean,all_lg_BNC_freq_mean,all_phonemes_mean,content_freq_raw_mean,content_freq_log_mean,content_cd_raw_mean,content_cd_log_mean,content_concreteness_m_mean,content_concreteness_sd_mean,content_mean_cos_mean,content_SemD_mean,content_BNC_wordcount_mean,content_BNC_contexts_mean,content_BNC_freq_mean,content_lg_BNC_freq_mean,content_phonemes_mean,noun_freq_raw_mean,noun_freq_log_mean,noun_cd_raw_mean,noun_cd_log_mean,noun_concreteness_m_mean,noun_concreteness_sd_mean,noun_mean_cos_mean,noun_SemD_mean,noun_BNC_wordcount_mean,noun_BNC_contexts_mean,noun_BNC_freq_mean,noun_lg_BNC_freq_mean,noun_phonemes_mean,mattr,POS_PRON_per100,POS_VERB_per100,POS_PART_per100,POS_ADP_per100,POS_DET_per100,POS_NOUN_per100,POS_AUX_per100,POS_ADV_per100,POS_ADJ_per100,POS_SCONJ_per100,POS_PROPN_per100,POS_CCONJ_per100,POS_INTJ_per100
8808.92,5.017047826086956,82.47234782608696,3.7563826086956524,2.706991150442478,1.1438938053097345,0.009047645115044247,2.118053097345133,934607.0442477876,47168.345132743365,10742.609734513275,3.1359292035398236,3.0695652173913044,1171.5983333333334,4.182325,61.43812499999999,3.5396541666666668,3.451304347826087,1.041086956521739,0.014362748622916666,1.9325,42418.104166666664,19204.979166666668,487.5625,2.2429166666666664,3.7916666666666665,331.32944444444445,3.5463222222222224,36.20222222222222,3.1661222222222225,4.574117647058823,0.5647058823529413,0.022744955738888892,1.695,15176.833333333334,7883.611111111111,174.44444444444446,1.8211111111111107,3.8333333333333335,0.7372727272727272,16.52173913043478,19.130434782608695,4.3478260869565215,8.695652173913043,13.043478260869565,15.65217391304348,7.82608695652174,5.217391304347826,1.7391304347826086,2.608695652173913,0.8695652173913043,3.4782608695652173,0.8695652173913043
