all_freq_raw_mean,all_freq_log_mean,all_cd_raw_mean,all_cd_log_mean,all_concreteness_m_mean,all_concreteness_sd_mean,all_mean_cos_mean,all_SemD_mean,all_BNC_wordcount_mean,all_BNC_contexts_mean,all_BNC_freq_mean,all_lg_BNC_freq_mean,all_phonemes_mean,content_freq_raw_mean,content_freq_log_mean,content_cd_raw_mean,content_cd_log_mean,content_concreteness_m_mean,content_concreteness_sd_mean,content_mean_cos_mean,content_SemD_mean,content_BNC_wordcount_mean,content_BNC_contexts_mean,content_BNC_freq_mean,content_lg_BNC_freq_mean,content_phonemes_mean,noun_freq_raw_mean,noun_freq_log_mean,noun_cd_raw_mean,noun_cd_log_mean,noun_concreteness_m_mean,noun_concreteness_sd_mean,noun_mean_cos_mean,noun_SemD_mean,noun_BNC_wordcount_mean,noun_BNC_contexts_mean,noun_BNC_freq_mean,noun_lg_BNC_freq_mean,noun_phonemes_mean,mattr,POS_INTJ_per100,POS_ADJ_per100,POS_PRON_per100,POS_VERB_per100,POS_PART_per100,POS_ADP_per100,POS_DET_per100,POS_NOUN_per100,POS_ADV_per100,POS_CCONJ_per100,POS_PROPN_per100,POS_NUM_per100,POS_AUX_per100
7293.249583333333,4.917906944444444,78.72583333333334,3.7064611111111114,2.6939393939393934,1.2280303030303032,0.013240898230434782,2.0304347826086953,667325.5797101449,41919.44927536232,7670.407246376812,2.835217391304348,3.219178082191781,862.2279310344827,3.9965068965517236,54.57586206896551,3.420558620689656,3.3678260869565215,1.1013043478260869,0.01524091563214286,1.9200000000000004,37566.42857142857,18726.178571428572,431.8,2.1457142857142855,4.068965517241379,187.85230769230768,3.4063923076923075,30.896923076923073,3.073623076923077,4.667142857142857,0.7828571428571428,0.024135355275000003,1.6674999999999998,9706.916666666666,6259.083333333333,111.575,1.6866666666666665,4.461538461538462,0.7528000000000001,10.81081081081081,1.3513513513513513,13.513513513513514,16.216216216216218,1.3513513513513513,10.81081081081081,8.108108108108109,17.56756756756757,5.405405405405405,6.756756756756757,1.3513513513513513,2.7027027027027026,4.054054054054054
