all_freq_raw_mean,all_freq_log_mean,all_cd_raw_mean,all_cd_log_mean,all_concreteness_m_mean,all_concreteness_sd_mean,all_mean_cos_mean,all_SemD_mean,all_BNC_wordcount_mean,all_BNC_contexts_mean,all_BNC_freq_mean,all_lg_BNC_freq_mean,all_phonemes_mean,content_freq_raw_mean,content_freq_log_mean,content_cd_raw_mean,content_cd_log_mean,content_concreteness_m_mean,content_concreteness_sd_mean,content_mean_cos_mean,content_SemD_mean,content_BNC_wordcount_mean,content_BNC_contexts_mean,content_BNC_freq_mean,content_lg_BNC_freq_mean,content_phonemes_mean,noun_freq_raw_mean,noun_freq_log_mean,noun_cd_raw_mean,noun_cd_log_mean,noun_concreteness_m_mean,noun_concreteness_sd_mean,noun_mean_cos_mean,noun_SemD_mean,noun_BNC_wordcount_mean,noun_BNC_contexts_mean,noun_BNC_freq_mean,noun_lg_BNC_freq_mean,noun_phonemes_mean,mattr,POS_PRON_per100,POS_VERB_per100,POS_PART_per100,POS_ADP_per100,POS_DET_per100,POS_NOUN_per100,POS_ADJ_per100,POS_CCONJ_per100,POS_AUX_per100,POS_SCONJ_per100,POS_ADV_per100,POS_PROPN_per100,POS_INTJ_per100,POS_NUM_per100
8886.176785714286,5.123497619047619,85.71107142857143,3.7979863095238096,2.7012269938650304,1.2574846625766871,0.009977504191503266,2.0973856209150328,624927.4117647059,46391.666666666664,7183.069281045752,3.1122875816993463,2.8511904761904763,1161.318,4.2355100000000006,63.57533333333334,3.5889450000000003,3.2287272727272724,1.1836363636363636,0.014844546188135594,1.9198305084745761,41242.08474576271,18877.830508474577,474.04067796610167,2.2747457627118646,3.9166666666666665,382.20550000000003,3.7233400000000003,40.93900000000001,3.319865,4.283333333333333,0.9994444444444444,0.022288276826315793,1.733157894736842,26703.526315789473,12405.105263157895,306.9263157894737,2.013157894736842,3.95,0.7448739495798321,24.404761904761905,16.071428571428573,2.380952380952381,10.119047619047619,8.928571428571429,11.904761904761903,2.976190476190476,3.571428571428571,7.738095238095238,2.976190476190476,4.761904761904762,0.5952380952380952,2.976190476190476,0.5952380952380952
