all_freq_raw_mean,all_freq_log_mean,all_cd_raw_mean,all_cd_log_mean,all_concreteness_m_mean,all_concreteness_sd_mean,all_mean_cos_mean,all_SemD_mean,all_BNC_wordcount_mean,all_BNC_contexts_mean,all_BNC_freq_mean,all_lg_BNC_freq_mean,all_phonemes_mean,content_freq_raw_mean,content_freq_log_mean,content_cd_raw_mean,content_cd_log_mean,content_concreteness_m_mean,content_concreteness_sd_mean,content_mean_cos_mean,content_SemD_mean,content_BNC_wordcount_mean,content_BNC_contexts_mean,content_BNC_freq_mean,content_lg_BNC_freq_mean,content_phonemes_mean,noun_freq_raw_mean,noun_freq_log_mean,noun_cd_raw_mean,noun_cd_log_mean,noun_concreteness_m_mean,noun_concreteness_sd_mean,noun_mean_cos_mean,noun_SemD_mean,noun_BNC_wordcount_mean,noun_BNC_contexts_mean,noun_BNC_freq_mean,noun_lg_BNC_freq_mean,noun_phonemes_mean,mattr,POS_ADV_per100,POS_VERB_per100,POS_PRON_per100,POS_ADP_per100,POS_DET_per100,POS_NOUN_per100,POS_INTJ_per100,POS_ADJ_per100,POS_AUX_per100,POS_CCONJ_per100,POS_SCONJ_per100,POS_PART_per100
9182.261393442624,4.905955737704917,77.13622950819675,3.672025409836065,2.7388135593220335,1.050677966101695,0.01291739975086207,2.0337068965517244,1081483.448275862,42497.05172413793,12430.842241379312,2.97,2.9918032786885247,952.8076785714285,3.945496428571428,52.471785714285716,3.3861732142857144,3.6588461538461536,0.8786538461538461,0.01665533630909091,1.8696363636363635,32708.363636363636,15839.672727272728,375.9527272727273,2.1025454545454547,3.875,172.28269230769232,3.43235,31.328076923076928,3.115792307692308,4.8513636363636365,0.375,0.024161877467999998,1.6588,12220.0,6315.08,140.46,1.7919999999999998,3.8076923076923075,0.6550684931506848,5.737704918032787,14.754098360655737,9.836065573770492,8.19672131147541,15.573770491803279,21.311475409836063,6.557377049180328,4.098360655737705,7.377049180327869,3.278688524590164,0.819672131147541,2.459016393442623
