all_freq_raw_mean,all_freq_log_mean,all_cd_raw_mean,all_cd_log_mean,all_concreteness_m_mean,all_concreteness_sd_mean,all_mean_cos_mean,all_SemD_mean,all_BNC_wordcount_mean,all_BNC_contexts_mean,all_BNC_freq_mean,all_lg_BNC_freq_mean,all_phonemes_mean,content_freq_raw_mean,content_freq_log_mean,content_cd_raw_mean,content_cd_log_mean,content_concreteness_m_mean,content_concreteness_sd_mean,content_mean_cos_mean,content_SemD_mean,content_BNC_wordcount_mean,content_BNC_contexts_mean,content_BNC_freq_mean,content_lg_BNC_freq_mean,content_phonemes_mean,noun_freq_raw_mean,noun_freq_log_mean,noun_cd_raw_mean,noun_cd_log_mean,noun_concreteness_m_mean,noun_concreteness_sd_mean,noun_mean_cos_mean,noun_SemD_mean,noun_BNC_wordcount_mean,noun_BNC_contexts_mean,noun_BNC_freq_mean,noun_lg_BNC_freq_mean,noun_phonemes_mean,mattr,POS_INTJ_per100,POS_DET_per100,POS_NOUN_per100,POS_ADP_per100,POS_AUX_per100,POS_VERB_per100,POS_NUM_per100,POS_SCONJ_per100,POS_PRON_per100,POS_ADV_per100,POS_ADJ_per100
8760.183461538461,4.8346846153846155,73.89903846153847,3.6332288461538456,3.036530612244898,1.1224489795918366,0.010002996735416667,2.1125,1037195.5,47896.083333333336,11921.783333333335,3.0683333333333334,3.0,451.74954545454545,3.6192909090909096,39.80954545454545,3.2442272727272727,4.224736842105263,0.9163157894736842,0.018087892577272727,1.848181818181818,26043.636363636364,12995.727272727272,299.3454545454546,1.9563636363636363,4.181818181818182,146.25250000000003,3.4700583333333337,31.983333333333338,3.154991666666667,4.784,0.595,0.025814620258333334,1.6224999999999998,10794.916666666666,6324.25,124.075,1.741666666666667,3.9166666666666665,0.7333333333333334,1.9230769230769231,17.307692307692307,23.076923076923077,15.384615384615385,7.6923076923076925,11.538461538461538,1.9230769230769231,1.9230769230769231,11.538461538461538,5.769230769230769,1.9230769230769231
