all_freq_raw_mean,all_freq_log_mean,all_cd_raw_mean,all_cd_log_mean,all_concreteness_m_mean,all_concreteness_sd_mean,all_mean_cos_mean,all_SemD_mean,all_BNC_wordcount_mean,all_BNC_contexts_mean,all_BNC_freq_mean,all_lg_BNC_freq_mean,all_phonemes_mean,content_freq_raw_mean,content_freq_log_mean,content_cd_raw_mean,content_cd_log_mean,content_concreteness_m_mean,content_concreteness_sd_mean,content_mean_cos_mean,content_SemD_mean,content_BNC_wordcount_mean,content_BNC_contexts_mean,content_BNC_freq_mean,content_lg_BNC_freq_mean,content_phonemes_mean,noun_freq_raw_mean,noun_freq_log_mean,noun_cd_raw_mean,noun_cd_log_mean,noun_concreteness_m_mean,noun_concreteness_sd_mean,noun_mean_cos_mean,noun_SemD_mean,noun_BNC_wordcount_mean,noun_BNC_contexts_mean,noun_BNC_freq_mean,noun_lg_BNC_freq_mean,noun_phonemes_mean,mattr,POS_INTJ_per100,POS_AUX_per100,POS_PRON_per100,POS_VERB_per100,POS_ADP_per100,POS_DET_per100,POS_NOUN_per100,POS_ADV_per100,POS_PROPN_per100,POS_CCONJ_per100,POS_SCONJ_per100,POS_PART_per100,POS_ADJ_per100
7388.5025000000005,4.922179464285714,79.58553571428571,3.737816964285714,2.9942452830188677,1.2107547169811321,0.009763614549532711,2.1028971962616825,772004.4672897196,44747.27102803739,8873.608411214955,3.0433644859813085,3.0,1100.856909090909,4.18368909090909,61.00036363636364,3.5612690909090907,3.553,1.0924,0.014010894189090909,1.9576363636363634,47325.01818181818,21360.345454545455,543.9618181818182,2.2872727272727276,3.709090909090909,184.55875000000003,3.6290312499999997,34.69375,3.27754375,4.7907692307692304,0.5253846153846153,0.0252528820125,1.636875,10487.875,5947.75,120.54375,1.713125,3.875,0.6568253968253968,0.8928571428571428,2.6785714285714284,14.285714285714285,19.642857142857142,15.178571428571427,10.714285714285714,14.285714285714285,14.285714285714285,0.8928571428571428,3.571428571428571,0.8928571428571428,1.7857142857142856,0.8928571428571428
