all_freq_raw_mean,all_freq_log_mean,all_cd_raw_mean,all_cd_log_mean,all_concreteness_m_mean,all_concreteness_sd_mean,all_mean_cos_mean,all_SemD_mean,all_BNC_wordcount_mean,all_BNC_contexts_mean,all_BNC_freq_mean,all_lg_BNC_freq_mean,all_phonemes_mean,content_freq_raw_mean,content_freq_log_mean,content_cd_raw_mean,content_cd_log_mean,content_concreteness_m_mean,content_concreteness_sd_mean,content_mean_cos_mean,content_SemD_mean,content_BNC_wordcount_mean,content_BNC_contexts_mean,content_BNC_freq_mean,content_lg_BNC_freq_mean,content_phonemes_mean,noun_freq_raw_mean,noun_freq_log_mean,noun_cd_raw_mean,noun_cd_log_mean,noun_concreteness_m_mean,noun_concreteness_sd_mean,noun_mean_cos_mean,noun_SemD_mean,noun_BNC_wordcount_mean,noun_BNC_contexts_mean,noun_BNC_freq_mean,noun_lg_BNC_freq_mean,noun_phonemes_mean,mattr,POS_INTJ_per100,POS_DET_per100,POS_NOUN_per100,POS_VERB_per100,POS_ADP_per100,POS_PRON_per100,POS_SCONJ_per100,POS_PROPN_per100,POS_AUX_per100,POS_CCONJ_per100,POS_ADV_per100,POS_ADJ_per100,POS_PART_per100,POS_NUM_per100
8060.930408163265,4.746570748299319,72.59904761904762,3.60238843537415,2.7894285714285716,1.1643571428571429,0.010934914388028169,2.0511267605633803,1198633.1408450704,43153.366197183095,13777.396478873237,3.0002816901408447,3.129251700680272,596.3613333333334,3.593831666666667,39.11316666666667,3.1791933333333335,3.6850943396226414,1.0209433962264152,0.019984055523728814,1.764406779661017,61997.35593220339,9701.101694915254,712.6169491525424,1.7947457627118646,4.3,207.33382352941175,3.4079235294117645,28.211764705882356,3.072682352941176,4.313333333333333,0.7911111111111112,0.025248558499999997,1.6261764705882353,8129.970588235294,4688.676470588235,93.44999999999999,1.555294117647059,4.352941176470588,0.7096969696969697,1.3513513513513513,18.91891891891892,22.972972972972975,10.81081081081081,12.837837837837837,14.18918918918919,0.6756756756756757,4.054054054054054,2.027027027027027,2.7027027027027026,3.3783783783783785,3.3783783783783785,2.027027027027027,0.6756756756756757
