all_freq_raw_mean,all_freq_log_mean,all_cd_raw_mean,all_cd_log_mean,all_concreteness_m_mean,all_concreteness_sd_mean,all_mean_cos_mean,all_SemD_mean,all_BNC_wordcount_mean,all_BNC_contexts_mean,all_BNC_freq_mean,all_lg_BNC_freq_mean,all_phonemes_mean,content_freq_raw_mean,content_freq_log_mean,content_cd_raw_mean,content_cd_log_mean,content_concreteness_m_mean,content_concreteness_sd_mean,content_mean_cos_mean,content_SemD_mean,content_BNC_wordcount_mean,content_BNC_contexts_mean,content_BNC_freq_mean,content_lg_BNC_freq_mean,content_phonemes_mean,noun_freq_raw_mean,noun_freq_log_mean,noun_cd_raw_mean,noun_cd_log_mean,noun_concreteness_m_mean,noun_concreteness_sd_mean,noun_mean_cos_mean,noun_SemD_mean,noun_BNC_wordcount_mean,noun_BNC_contexts_mean,noun_BNC_freq_mean,noun_lg_BNC_freq_mean,noun_phonemes_mean,mattr,POS_INTJ_per100,POS_PRON_per100,POS_VERB_per100,POS_ADP_per100,POS_DET_per100,POS_NOUN_per100,POS_AUX_per100,POS_NUM_per100,POS_CCONJ_per100,POS_ADV_per100,POS_PART_per100,POS_ADJ_per100,POS_SCONJ_per100
8506.702206896553,4.981466896551724,82.09786206896553,3.7017241379310346,2.602992700729927,1.2414598540145985,0.010825870957971016,2.0817391304347823,771861.2753623188,45677.137681159424,8871.968115942029,3.0408695652173914,2.8758620689655174,1424.7489655172415,4.045898275862069,58.796551724137935,3.4118465517241376,3.0039215686274514,1.1911764705882355,0.015801721137931032,1.9172413793103449,132163.74137931035,19592.98275862069,1519.1241379310345,2.134827586206897,3.9482758620689653,162.0773684210526,3.507863157894737,30.44105263157895,3.182573684210526,4.325,0.7585714285714287,0.026718673957894734,1.648421052631579,10596.631578947368,6291.105263157895,121.78947368421052,1.6842105263157894,4.157894736842105,0.764742268041237,4.10958904109589,22.602739726027394,15.753424657534246,8.904109589041095,7.534246575342466,13.013698630136986,9.58904109589041,0.684931506849315,2.73972602739726,6.164383561643835,2.054794520547945,5.47945205479452,1.36986301369863
