all_freq_raw_mean,all_freq_log_mean,all_cd_raw_mean,all_cd_log_mean,all_concreteness_m_mean,all_concreteness_sd_mean,all_mean_cos_mean,all_SemD_mean,all_BNC_wordcount_mean,all_BNC_contexts_mean,all_BNC_freq_mean,all_lg_BNC_freq_mean,all_phonemes_mean,content_freq_raw_mean,content_freq_log_mean,content_cd_raw_mean,content_cd_log_mean,content_concreteness_m_mean,content_concreteness_sd_mean,content_mean_cos_mean,content_SemD_mean,content_BNC_wordcount_mean,content_BNC_contexts_mean,content_BNC_freq_mean,content_lg_BNC_freq_mean,content_phonemes_mean,noun_freq_raw_mean,noun_freq_log_mean,noun_cd_raw_mean,noun_cd_log_mean,noun_concreteness_m_mean,noun_concreteness_sd_mean,noun_mean_cos_mean,noun_SemD_mean,noun_BNC_wordcount_mean,noun_BNC_contexts_mean,noun_BNC_freq_mean,noun_lg_BNC_freq_mean,noun_phonemes_mean,mattr,POS_PRON_per100,POS_VERB_per100,POS_PART_per100,POS_INTJ_per100,POS_DET_per100,POS_NOUN_per100,POS_ADP_per100,POS_CCONJ_per100,POS_ADV_per100,POS_AUX_per100,POS_ADJ_per100
9834.833469387753,4.725951020408163,68.73795918367347,3.5872755102040816,3.011818181818182,1.0620454545454547,0.012870096028571431,1.9983673469387755,1253756.2040816327,38522.857142857145,14410.991836734696,2.9059183673469384,3.2244897959183674,423.7473076923077,3.7043538461538463,42.231923076923074,3.2952769230769223,3.7704761904761903,0.9357142857142858,0.019905077911538463,1.7784615384615388,14764.461538461539,9045.115384615385,169.70384615384611,1.8592307692307695,4.038461538461538,122.3194117647059,3.4075882352941176,26.199411764705882,3.1220999999999997,4.417692307692308,0.7176923076923077,0.02416563684117647,1.668823529411765,8315.470588235294,4840.588235294118,95.58235294117648,1.6552941176470588,4.0,0.7755102040816326,10.204081632653061,12.244897959183673,2.0408163265306123,2.0408163265306123,16.3265306122449,34.69387755102041,10.204081632653061,4.081632653061225,4.081632653061225,2.0408163265306123,2.0408163265306123
