all_freq_raw_mean,all_freq_log_mean,all_cd_raw_mean,all_cd_log_mean,all_concreteness_m_mean,all_concreteness_sd_mean,all_mean_cos_mean,all_SemD_mean,all_BNC_wordcount_mean,all_BNC_contexts_mean,all_BNC_freq_mean,all_lg_BNC_freq_mean,all_phonemes_mean,content_freq_raw_mean,content_freq_log_mean,content_cd_raw_mean,content_cd_log_mean,content_concreteness_m_mean,content_concreteness_sd_mean,content_mean_cos_mean,content_SemD_mean,content_BNC_wordcount_mean,content_BNC_contexts_mean,content_BNC_freq_mean,content_lg_BNC_freq_mean,content_phonemes_mean,noun_freq_raw_mean,noun_freq_log_mean,noun_cd_raw_mean,noun_cd_log_mean,noun_concreteness_m_mean,noun_concreteness_sd_mean,noun_mean_cos_mean,noun_SemD_mean,noun_BNC_wordcount_mean,noun_BNC_contexts_mean,noun_BNC_freq_mean,noun_lg_BNC_freq_mean,noun_phonemes_mean,mattr,POS_INTJ_per100,POS_CCONJ_per100,POS_VERB_per100,POS_PRON_per100,POS_ADP_per100,POS_DET_per100,POS_NOUN_per100,POS_ADV_per100,POS_AUX_per100,POS_PART_per100,POS_SCONJ_per100,POS_ADJ_per100
10275.505855855856,5.224992792792793,86.94063063063064,3.7972891891891893,2.6549532710280372,1.183177570093458,0.011940547543809524,2.071619047619048,827396.219047619,47540.15238095238,9510.297142857142,3.074666666666667,2.810810810810811,1414.5558333333336,4.286758333333332,65.76166666666668,3.5665944444444455,3.3326470588235297,1.0682352941176472,0.016788862997222223,1.8825000000000003,78733.91666666667,17561.083333333332,904.9833333333332,2.0999999999999996,3.75,168.3090909090909,3.410372727272727,27.54,3.065272727272727,4.795555555555556,0.43222222222222223,0.030071368272727272,1.5536363636363637,5359.727272727273,3223.818181818182,61.59090909090909,1.2699999999999998,4.181818181818182,0.6831746031746033,9.821428571428571,6.25,17.857142857142858,25.892857142857146,5.357142857142857,7.142857142857142,10.714285714285714,2.6785714285714284,7.142857142857142,3.571428571428571,1.7857142857142856,1.7857142857142856
