all_freq_raw_mean,all_freq_log_mean,all_cd_raw_mean,all_cd_log_mean,all_concreteness_m_mean,all_concreteness_sd_mean,all_mean_cos_mean,all_SemD_mean,all_BNC_wordcount_mean,all_BNC_contexts_mean,all_BNC_freq_mean,all_lg_BNC_freq_mean,all_phonemes_mean,content_freq_raw_mean,content_freq_log_mean,content_cd_raw_mean,content_cd_log_mean,content_concreteness_m_mean,content_concreteness_sd_mean,content_mean_cos_mean,content_SemD_mean,content_BNC_wordcount_mean,content_BNC_contexts_mean,content_BNC_freq_mean,content_lg_BNC_freq_mean,content_phonemes_mean,noun_freq_raw_mean,noun_freq_log_mean,noun_cd_raw_mean,noun_cd_log_mean,noun_concreteness_m_mean,noun_concreteness_sd_mean,noun_mean_cos_mean,noun_SemD_mean,noun_BNC_wordcount_mean,noun_BNC_contexts_mean,noun_BNC_freq_mean,noun_lg_BNC_freq_mean,noun_phonemes_mean,mattr,POS_PRON_per100,POS_VERB_per100,POS_PART_per100,POS_DET_per100,POS_NOUN_per100,POS_ADP_per100,POS_CCONJ_per100,POS_ADV_per100,POS_ADJ_per100,POS_AUX_per100
9434.0225974026,4.986988311688312,79.9174025974026,3.698111688311688,2.8325000000000005,1.1838888888888885,0.009602152354166666,2.108888888888889,943647.7777777778,48191.583333333336,10846.51666666667,3.1363888888888893,3.1818181818181817,1038.0061764705881,4.033794117647059,55.722941176470584,3.41825,3.580344827586207,1.0513793103448277,0.015838457478787878,1.9012121212121214,35091.51515151515,18121.636363636364,403.34545454545446,2.165151515151515,4.117647058823529,264.0775,3.68131875,35.988749999999996,3.30138125,4.488461538461538,0.7061538461538461,0.02266797781875,1.69375,11965.375,7163.5625,137.53125,1.7912499999999998,4.3125,0.7542857142857146,16.883116883116884,16.883116883116884,2.5974025974025974,14.285714285714285,20.77922077922078,14.285714285714285,6.493506493506493,2.5974025974025974,3.896103896103896,1.2987012987012987
