all_freq_raw_mean,all_freq_log_mean,all_cd_raw_mean,all_cd_log_mean,all_concreteness_m_mean,all_concreteness_sd_mean,all_mean_cos_mean,all_SemD_mean,all_BNC_wordcount_mean,all_BNC_contexts_mean,all_BNC_freq_mean,all_lg_BNC_freq_mean,all_phonemes_mean,content_freq_raw_mean,content_freq_log_mean,content_cd_raw_mean,content_cd_log_mean,content_concreteness_m_mean,content_concreteness_sd_mean,content_mean_cos_mean,content_SemD_mean,content_BNC_wordcount_mean,content_BNC_contexts_mean,content_BNC_freq_mean,content_lg_BNC_freq_mean,content_phonemes_mean,noun_freq_raw_mean,noun_freq_log_mean,noun_cd_raw_mean,noun_cd_log_mean,noun_concreteness_m_mean,noun_concreteness_sd_mean,noun_mean_cos_mean,noun_SemD_mean,noun_BNC_wordcount_mean,noun_BNC_contexts_mean,noun_BNC_freq_mean,noun_lg_BNC_freq_mean,noun_phonemes_mean,mattr,POS_PRON_per100,POS_VERB_per100,POS_PART_per100,POS_AUX_per100,POS_DET_per100,POS_ADJ_per100,POS_NOUN_per100,POS_ADP_per100,POS_CCONJ_per100,POS_ADV_per100,POS_INTJ_per100,POS_SCONJ_per100
8148.541566265061,5.089013253012047,86.00927710843372,3.8056686746987958,2.6315,1.225125,0.0095635459,2.1059756097560975,569647.9268292683,43047.84146341463,6547.676829268291,3.0302439024390244,3.216867469879518,1425.7766666666669,4.393575757575759,69.65303030303029,3.649975757575757,2.9329999999999994,1.2523333333333335,0.012054311160606061,1.9948484848484849,32615.060606060608,18761.121212121212,374.8909090909091,2.3000000000000003,3.606060606060606,432.5142857142856,3.888328571428571,45.24857142857143,3.4113285714285717,4.316,0.938,0.01925094095714286,1.7814285714285716,12707.42857142857,8591.285714285714,146.0857142857143,1.98,4.142857142857143,0.6405882352941177,30.120481927710845,21.686746987951807,1.2048192771084338,7.228915662650602,8.433734939759036,3.614457831325301,8.433734939759036,4.819277108433735,4.819277108433735,6.024096385542169,2.4096385542168677,1.2048192771084338
