all_freq_raw_mean,all_freq_log_mean,all_cd_raw_mean,all_cd_log_mean,all_concreteness_m_mean,all_concreteness_sd_mean,all_mean_cos_mean,all_SemD_mean,all_BNC_wordcount_mean,all_BNC_contexts_mean,all_BNC_freq_mean,all_lg_BNC_freq_mean,all_phonemes_mean,content_freq_raw_mean,content_freq_log_mean,content_cd_raw_mean,content_cd_log_mean,content_concreteness_m_mean,content_concreteness_sd_mean,content_mean_cos_mean,content_SemD_mean,content_BNC_wordcount_mean,content_BNC_contexts_mean,content_BNC_freq_mean,content_lg_BNC_freq_mean,content_phonemes_mean,noun_freq_raw_mean,noun_freq_log_mean,noun_cd_raw_mean,noun_cd_log_mean,noun_concreteness_m_mean,noun_concreteness_sd_mean,noun_mean_cos_mean,noun_SemD_mean,noun_BNC_wordcount_mean,noun_BNC_contexts_mean,noun_BNC_freq_mean,noun_lg_BNC_freq_mean,noun_phonemes_mean,mattr,POS_VERB_per100,POS_DET_per100,POS_NOUN_per100,POS_ADP_per100,POS_CCONJ_per100,POS_PRON_per100,POS_ADV_per100,POS_SCONJ_per100,POS_AUX_per100,POS_ADJ_per100,POS_INTJ_per100
8713.102727272728,5.141875,87.58693181818184,3.797434090909091,2.3754117647058828,1.2067058823529409,0.009421725069047619,2.1191666666666666,683766.4285714285,47319.369047619046,7859.391666666667,3.046904761904762,3.0795454545454546,1642.7742857142857,4.298021428571429,64.53857142857143,3.5435785714285717,2.8712,1.0788000000000002,0.013295963414285714,1.955,47626.607142857145,20412.964285714286,547.4392857142858,2.2417857142857143,4.321428571428571,242.21300000000002,3.31487,24.747,3.02094,4.502857142857144,0.7014285714285714,0.01665333074,1.8220000000000003,9165.8,6300.8,105.35999999999999,1.698,5.6,0.5261538461538461,10.227272727272728,12.5,11.363636363636363,9.090909090909092,2.272727272727273,17.045454545454543,5.681818181818182,17.045454545454543,2.272727272727273,4.545454545454546,7.954545454545454
