all_freq_raw_mean,all_freq_log_mean,all_cd_raw_mean,all_cd_log_mean,all_concreteness_m_mean,all_concreteness_sd_mean,all_mean_cos_mean,all_SemD_mean,all_BNC_wordcount_mean,all_BNC_contexts_mean,all_BNC_freq_mean,all_lg_BNC_freq_mean,all_phonemes_mean,content_freq_raw_mean,content_freq_log_mean,content_cd_raw_mean,content_cd_log_mean,content_concreteness_m_mean,content_concreteness_sd_mean,content_mean_cos_mean,content_SemD_mean,content_BNC_wordcount_mean,content_BNC_contexts_mean,content_BNC_freq_mean,content_lg_BNC_freq_mean,content_phonemes_mean,noun_freq_raw_mean,noun_freq_log_mean,noun_cd_raw_mean,noun_cd_log_mean,noun_concreteness_m_mean,noun_concreteness_sd_mean,noun_mean_cos_mean,noun_SemD_mean,noun_BNC_wordcount_mean,noun_BNC_contexts_mean,noun_BNC_freq_mean,noun_lg_BNC_freq_mean,noun_phonemes_mean,mattr,POS_INTJ_per100,POS_CCONJ_per100,POS_PRON_per100,POS_DET_per100,POS_NOUN_per100,POS_PROPN_per100,POS_VERB_per100,POS_ADP_per100,POS_ADV_per100,POS_ADJ_per100
6517.278181818182,4.905497727272727,77.8015909090909,3.7452295454545466,2.5338636363636367,1.2463636363636363,0.01741197589761904,1.903095238095238,684045.3333333334,29872.833333333332,7862.597619047619,2.505714285714286,3.25,906.7623076923076,4.256130769230769,62.62769230769231,3.6550769230769222,3.2715384615384617,1.0769230769230769,0.011283084523076924,1.993846153846154,40318.92307692308,19916.153846153848,463.4461538461538,2.3984615384615386,4.076923076923077,453.31500000000005,3.9944166666666665,46.53333333333333,3.5315666666666665,4.095,0.8133333333333335,0.01084536,1.9883333333333333,33466.0,16733.333333333332,384.68333333333334,2.495,4.333333333333333,0.5909090909090909,27.27272727272727,2.272727272727273,15.909090909090908,13.636363636363635,13.636363636363635,4.545454545454546,6.8181818181818175,6.8181818181818175,6.8181818181818175,2.272727272727273
