all_freq_raw_mean,all_freq_log_mean,all_cd_raw_mean,all_cd_log_mean,all_concreteness_m_mean,all_concreteness_sd_mean,all_mean_cos_mean,all_SemD_mean,all_BNC_wordcount_mean,all_BNC_contexts_mean,all_BNC_freq_mean,all_lg_BNC_freq_mean,all_phonemes_mean,content_freq_raw_mean,content_freq_log_mean,content_cd_raw_mean,content_cd_log_mean,content_concreteness_m_mean,content_concreteness_sd_mean,content_mean_cos_mean,content_SemD_mean,content_BNC_wordcount_mean,content_BNC_contexts_mean,content_BNC_freq_mean,content_lg_BNC_freq_mean,content_phonemes_mean,noun_freq_raw_mean,noun_freq_log_mean,noun_cd_raw_mean,noun_cd_log_mean,noun_concreteness_m_mean,noun_concreteness_sd_mean,noun_mean_cos_mean,noun_SemD_mean,noun_BNC_wordcount_mean,noun_BNC_contexts_mean,noun_BNC_freq_mean,noun_lg_BNC_freq_mean,noun_phonemes_mean,mattr,POS_SCONJ_per100,POS_PRON_per100,POS_VERB_per100,POS_ADV_per100,POS_NUM_per100,POS_ADP_per100,POS_ADJ_per100,POS_AUX_per100,POS_DET_per100,POS_NOUN_per100,POS_CCONJ_per100,POS_PART_per100,POS_INTJ_per100
6291.238333333334,4.98227,82.71433333333334,3.7672233333333334,2.575084745762711,1.256101694915254,0.010616338901818182,2.0898181818181816,479279.7272727273,42662.25454545455,5508.963636363636,2.9218181818181828,2.933333333333333,1363.1868,4.2710919999999994,63.9,3.574784,3.067916666666667,1.2004166666666667,0.012971743748,1.9804000000000002,46962.64,21853.44,539.804,2.3436,3.72,190.1142857142857,3.525271428571429,34.10285714285714,3.1269714285714287,4.002857142857143,1.1814285714285713,0.021194999885714282,1.8042857142857145,13855.142857142857,8267.714285714286,159.25714285714284,1.8585714285714285,4.714285714285714,0.8181818181818182,1.6666666666666667,13.333333333333334,13.333333333333334,11.666666666666666,1.6666666666666667,16.666666666666664,5.0,6.666666666666667,10.0,11.666666666666666,1.6666666666666667,1.6666666666666667,5.0
