all_freq_raw_mean,all_freq_log_mean,all_cd_raw_mean,all_cd_log_mean,all_concreteness_m_mean,all_concreteness_sd_mean,all_mean_cos_mean,all_SemD_mean,all_BNC_wordcount_mean,all_BNC_contexts_mean,all_BNC_freq_mean,all_lg_BNC_freq_mean,all_phonemes_mean,content_freq_raw_mean,content_freq_log_mean,content_cd_raw_mean,content_cd_log_mean,content_concreteness_m_mean,content_concreteness_sd_mean,content_mean_cos_mean,content_SemD_mean,content_BNC_wordcount_mean,content_BNC_contexts_mean,content_BNC_freq_mean,content_lg_BNC_freq_mean,content_phonemes_mean,noun_freq_raw_mean,noun_freq_log_mean,noun_cd_raw_mean,noun_cd_log_mean,noun_concreteness_m_mean,noun_concreteness_sd_mean,noun_mean_cos_mean,noun_SemD_mean,noun_BNC_wordcount_mean,noun_BNC_contexts_mean,noun_BNC_freq_mean,noun_lg_BNC_freq_mean,noun_phonemes_mean,mattr,POS_AUX_per100,POS_PRON_per100,POS_VERB_per100,POS_ADP_per100,POS_DET_per100,POS_NOUN_per100,POS_INTJ_per100,POS_ADV_per100,POS_ADJ_per100,POS_CCONJ_per100,POS_PART_per100,POS_SCONJ_per100
8182.643951612903,4.9925354838709675,80.96524193548387,3.7400790322580644,2.809745762711864,1.1805932203389828,0.011946037339166667,2.0623333333333336,863906.3583333333,45781.675,9929.951666666666,3.0596666666666663,3.0161290322580645,1149.6542105263159,4.162354385964912,59.7240350877193,3.5292947368421053,3.3862745098039215,1.0515686274509803,0.018087460563157895,1.8673684210526316,38796.57894736842,18851.964912280702,445.9350877192982,2.158421052631579,3.9473684210526314,168.25,3.470052631578948,28.766315789473687,3.146942105263158,4.770714285714285,0.5907142857142856,0.03133185315263158,1.5457894736842108,6229.421052631579,3929.3684210526317,71.59473684210525,1.5226315789473683,4.052631578947368,0.7509333333333333,3.225806451612903,14.516129032258066,17.741935483870968,10.483870967741936,10.483870967741936,15.32258064516129,3.225806451612903,6.451612903225806,6.451612903225806,6.451612903225806,4.032258064516129,1.6129032258064515
