all_freq_raw_mean,all_freq_log_mean,all_cd_raw_mean,all_cd_log_mean,all_concreteness_m_mean,all_concreteness_sd_mean,all_mean_cos_mean,all_SemD_mean,all_BNC_wordcount_mean,all_BNC_contexts_mean,all_BNC_freq_mean,all_lg_BNC_freq_mean,all_phonemes_mean,content_freq_raw_mean,content_freq_log_mean,content_cd_raw_mean,content_cd_log_mean,content_concreteness_m_mean,content_concreteness_sd_mean,content_mean_cos_mean,content_SemD_mean,content_BNC_wordcount_mean,content_BNC_contexts_mean,content_BNC_freq_mean,content_lg_BNC_freq_mean,content_phonemes_mean,noun_freq_raw_mean,noun_freq_log_mean,noun_cd_raw_mean,noun_cd_log_mean,noun_concreteness_m_mean,noun_concreteness_sd_mean,noun_mean_cos_mean,noun_SemD_mean,noun_BNC_wordcount_mean,noun_BNC_contexts_mean,noun_BNC_freq_mean,noun_lg_BNC_freq_mean,noun_phonemes_mean,mattr,POS_INTJ_per100,POS_PRON_per100,POS_ADP_per100,POS_DET_per100,POS_NOUN_per100,POS_VERB_per100,POS_ADJ_per100,POS_NUM_per100,POS_CCONJ_per100,POS_PART_per100,POS_ADV_per100,POS_AUX_per100,POS_SCONJ_per100
8892.34248756219,4.885054726368159,79.45099502487562,3.6573502487562184,2.9868041237113405,1.2321649484536081,0.010584986383240224,2.078156424581006,770297.1731843576,43074.74860335195,8853.985474860334,2.971173184357542,2.8606965174129355,1083.9246428571428,3.906410714285714,55.020833333333336,3.3086916666666664,3.576883116883117,1.0654545454545454,0.015369073773493976,1.9127710843373495,41654.24096385542,19361.67469879518,478.7807228915663,2.1197590361445777,3.8095238095238093,145.4751515151515,3.301384848484849,27.338484848484843,2.9954454545454543,4.548965517241379,0.6762068965517242,0.024975972025,1.6434374999999999,8365.6875,5183.4375,96.153125,1.555625,3.9393939393939394,0.6768421052631579,1.9900497512437811,24.378109452736318,6.467661691542288,9.45273631840796,16.417910447761194,17.412935323383085,2.9850746268656714,1.9900497512437811,4.477611940298507,2.9850746268656714,4.975124378109453,4.975124378109453,1.4925373134328357
