all_freq_raw_mean,all_freq_log_mean,all_cd_raw_mean,all_cd_log_mean,all_concreteness_m_mean,all_concreteness_sd_mean,all_mean_cos_mean,all_SemD_mean,all_BNC_wordcount_mean,all_BNC_contexts_mean,all_BNC_freq_mean,all_lg_BNC_freq_mean,all_phonemes_mean,content_freq_raw_mean,content_freq_log_mean,content_cd_raw_mean,content_cd_log_mean,content_concreteness_m_mean,content_concreteness_sd_mean,content_mean_cos_mean,content_SemD_mean,content_BNC_wordcount_mean,content_BNC_contexts_mean,content_BNC_freq_mean,content_lg_BNC_freq_mean,content_phonemes_mean,noun_freq_raw_mean,noun_freq_log_mean,noun_cd_raw_mean,noun_cd_log_mean,noun_concreteness_m_mean,noun_concreteness_sd_mean,noun_mean_cos_mean,noun_SemD_mean,noun_BNC_wordcount_mean,noun_BNC_contexts_mean,noun_BNC_freq_mean,noun_lg_BNC_freq_mean,noun_phonemes_mean,mattr,POS_SCONJ_per100,POS_AUX_per100,POS_PRON_per100,POS_VERB_per100,POS_ADP_per100,POS_DET_per100,POS_NOUN_per100,POS_INTJ_per100,POS_CCONJ_per100,POS_ADJ_per100,POS_PART_per100,POS_ADV_per100
8116.832307692308,4.98041282051282,80.74410256410256,3.7174512820512824,2.7444594594594593,1.1489189189189186,0.010417950678082193,2.1039726027397254,606370.2191780822,46768.6301369863,6969.767123287672,2.9975342465753423,2.91025641025641,1225.173125,4.0844375,57.2525,3.443540625,3.3729999999999998,1.0023333333333333,0.016225006187500002,1.8984375,37470.53125,18536.125,430.69375,2.0675,3.84375,129.83416666666665,3.292083333333333,25.837500000000002,3.0006000000000004,4.670999999999999,0.5409999999999998,0.026980775633333332,1.6150000000000002,8026.25,4567.333333333333,92.25,1.5208333333333333,4.083333333333333,0.7820689655172416,2.564102564102564,11.538461538461538,14.102564102564102,16.666666666666664,6.41025641025641,10.256410256410255,15.384615384615385,3.8461538461538463,6.41025641025641,5.128205128205128,3.8461538461538463,3.8461538461538463
